{
  "rows": [
    {
      "machine": "machine-1-1",
      "fixed_baseline": {
        "ap": 0.3528821742661866,
        "auroc": 0.6137396520978817,
        "f1_pot": 0.7419396988922555,
        "precision_pot": 0.5897548148210271,
        "recall_pot": 0.9999999962880475,
        "thr_pot": 19.95297454922848,
        "f1_best": 0.9986941228779496,
        "precision_best": 0.9999999962783773,
        "recall_best": 0.9974016295567868,
        "thr_best": 808.3297424316406,
        "latency_best": 122.59754804903902,
        "latency_pot": 3.499956250546868,
        "event_f1": 0.049230769230769224,
        "event_precision": 0.025236593059936908,
        "event_recall": 1.0,
        "delay_mean": 0.0,
        "delay_median": 0.0
      },
      "searched_partial_nas": {
        "ap": 0.35966860209535073,
        "auroc": 0.619973610830034,
        "f1_pot": 0.9372014871717407,
        "precision_pot": 0.8818330576699408,
        "recall_pot": 0.9999999962880475,
        "thr_pot": 37.71684566354753,
        "f1_best": 0.9992520542653077,
        "precision_best": 0.9999999962825278,
        "recall_best": 0.9985152152987556,
        "thr_best": 168.4698756408926,
        "latency_best": 75.83206946550891,
        "latency_pot": 3.74995312558593,
        "event_f1": 0.20779220779220778,
        "event_precision": 0.11594202898550725,
        "event_recall": 1.0,
        "delay_mean": 0.0,
        "delay_median": 0.0
      },
      "delta_searched_minus_fixed": {
        "ap": 0.00678642782916411,
        "auroc": 0.006233958732152267,
        "f1_best": 0.0005579313873581571,
        "f1_pot": 0.19526178827948515,
        "event_f1": 0.15856143856143856,
        "delay_mean": 0.0
      }
    }
  ],
  "macro": {
    "num_machines": 1,
    "fixed_baseline_mean": {
      "ap": 0.3528821742661866,
      "auroc": 0.6137396520978817,
      "f1_best": 0.9986941228779496,
      "f1_pot": 0.7419396988922555,
      "event_f1": 0.049230769230769224,
      "delay_mean": 0.0
    },
    "searched_partial_nas_mean": {
      "ap": 0.35966860209535073,
      "auroc": 0.619973610830034,
      "f1_best": 0.9992520542653077,
      "f1_pot": 0.9372014871717407,
      "event_f1": 0.20779220779220778,
      "delay_mean": 0.0
    },
    "delta_mean": {
      "ap": 0.00678642782916411,
      "auroc": 0.006233958732152267,
      "f1_best": 0.0005579313873581571,
      "f1_pot": 0.19526178827948515,
      "event_f1": 0.15856143856143856,
      "delay_mean": 0.0
    }
  }
}