{
  "best_arch": "ArchConfig(enc_filters=[16], enc_kernels=[5], enc_strides=[1], enc_dilations=[2], enc_pool=('max', 2), enc_activation='relu', seq_type='tcn', seq_layers=1, seq_heads=1, seq_hidden=64, seq_kernel=3, seq_dilation=1, clf_layers=3, clf_units=32, d_model=64)",
  "search_history": [],
  "metrics_paper": {
    "target_top1_acc": 0.8690744920993227,
    "target_error_percent": 13.092550790067726
  },
  "metrics_uad": {
    "ap": 0.4119532576761925,
    "auroc": 0.7774518584863412,
    "f1_pot": 0.37229437229437223,
    "precision_pot": 0.24855491329479767,
    "recall_pot": 0.7413793103448276,
    "thr_pot": 0.11971650674939155,
    "f1_best": 0.5483870967741935,
    "precision_best": 0.5151515151515151,
    "recall_best": 0.5862068965517241,
    "thr_best": 0.11971943080425262,
    "event_f1": 0.3448275862068965,
    "event_precision": 0.23809523809523808,
    "event_recall": 0.625,
    "delay_mean": 1.0,
    "delay_median": 1.0
  },
  "metrics": {
    "precision": 0.4345372460496614,
    "recall": 0.5,
    "f1": 0.46497584541062803
  },
  "train_curves": {
    "train_loss": [
      -0.20422868430614471,
      -0.27040356397628784,
      -0.32998281717300415,
      -0.39359718561172485,
      -0.4551709294319153,
      -0.5388216972351074,
      -0.6125364303588867,
      -0.6971668601036072,
      -0.7333441376686096,
      -0.8618756532669067,
      -0.9360395073890686,
      -1.0625048875808716,
      -1.1477417945861816,
      -1.2713457345962524,
      -1.4129594564437866,
      -1.5381981134414673,
      -1.693103313446045,
      -1.7654941082000732,
      -2.0082499980926514,
      -2.116150379180908,
      -2.327193021774292,
      -2.5365958213806152,
      -2.702833890914917,
      -2.775282859802246,
      -3.1188817024230957,
      -3.196401834487915,
      -3.5241916179656982,
      -3.6765661239624023,
      -3.791130781173706,
      -4.040951251983643,
      -4.186191558837891,
      -4.479044437408447,
      -4.843503475189209,
      -4.709064483642578,
      -4.792656421661377,
      -4.895392417907715,
      -5.145145893096924,
      -5.337658882141113,
      -5.591592788696289,
      -5.607069492340088,
      -5.844317436218262,
      -6.045497417449951,
      -6.068811893463135,
      -6.060940742492676,
      -5.628805637359619,
      -6.623815536499023,
      -6.751022815704346,
      -6.836557388305664,
      -6.197460174560547,
      -6.218230724334717,
      -6.355072021484375,
      -7.467531204223633,
      -6.4901933670043945,
      -6.244867324829102,
      -6.9201765060424805,
      -6.95116662979126,
      -7.701580047607422,
      -7.302931785583496,
      -6.382519721984863,
      -6.982999324798584,
      -7.899355888366699,
      -6.3390583992004395,
      -6.230197906494141,
      -9.05561351776123,
      -6.265079975128174,
      -6.197941303253174,
      -6.2409348487854,
      -12.810567855834961,
      -6.032712936401367,
      -6.804566860198975,
      -6.4716596603393555,
      -8.62624454498291,
      -6.404075622558594,
      -6.069817543029785,
      -6.506375312805176,
      -5.976283073425293,
      -6.264347553253174,
      -6.01419734954834,
      -6.18704080581665,
      -7.212289810180664,
      -8.517110824584961,
      -7.0053300857543945,
      -6.510803699493408,
      -7.032388210296631,
      -8.160820007324219,
      -6.1892876625061035,
      -5.983448028564453,
      -7.078444004058838,
      -6.204310894012451,
      -6.012754917144775,
      -6.423725605010986,
      -8.268391609191895,
      -5.902697563171387,
      -5.7302751541137695,
      -6.78705358505249,
      -7.458728790283203,
      -6.1490020751953125,
      -11.867325782775879,
      -6.859868049621582,
      -7.057921886444092,
      -6.092653751373291,
      -6.59824275970459,
      -9.010111808776855,
      -6.965442657470703,
      -6.1209797859191895,
      -6.124912738800049,
      -6.401212692260742,
      -6.510751724243164,
      -6.299740314483643,
      -6.248249530792236,
      -7.115797519683838,
      -6.162160873413086,
      -5.920408725738525,
      -6.727723121643066,
      -7.195868968963623,
      -12.04284954071045,
      -7.318405628204346,
      -6.308858871459961,
      -7.235070705413818,
      -6.072874069213867,
      -6.608996391296387,
      -6.459964275360107,
      -6.735235214233398,
      -7.240116596221924,
      -6.456170558929443,
      -6.837327003479004,
      -6.444556713104248,
      -6.818845748901367,
      -6.106158256530762,
      -6.636289596557617,
      -6.8765153884887695,
      -10.972494125366211,
      -18.08148765563965,
      -6.300695419311523,
      -6.78786039352417,
      -8.161455154418945,
      -6.51603364944458,
      -6.315032005310059,
      -6.8162078857421875,
      -7.84972620010376,
      -7.787409782409668,
      -7.744292736053467,
      -6.4373579025268555,
      -10.113090515136719,
      -6.638710975646973,
      -6.018610954284668,
      -8.231155395507812,
      -7.869082927703857,
      -6.140751361846924,
      -7.157718658447266,
      -6.213991165161133,
      -7.280921459197998,
      -6.914709568023682,
      -7.347186088562012,
      -7.334006309509277,
      -24.94744873046875,
      -7.134124755859375,
      -6.751485824584961,
      -7.894363880157471,
      -6.173048973083496,
      -8.98878288269043,
      -7.845272541046143,
      -6.023928642272949,
      -7.174942493438721,
      -6.554630279541016,
      -7.080760955810547,
      -7.227704048156738,
      -7.225109100341797,
      -10.49001407623291,
      -8.38127326965332,
      -5.980144023895264,
      -7.955765724182129,
      -5.962370872497559,
      -7.327330589294434,
      -6.622859477996826,
      -10.987125396728516,
      -6.525738716125488,
      -6.535890102386475,
      -7.19581413269043,
      -5.884826183319092,
      -6.616149425506592,
      -6.885506629943848,
      -6.5691657066345215,
      -12.141112327575684,
      -6.325507164001465,
      -6.667850017547607,
      -7.314511775970459,
      -9.82961368560791,
      -7.997757434844971,
      -6.5307207107543945,
      -7.762994289398193,
      -20.091176986694336,
      -6.837896823883057,
      -6.498158931732178,
      -6.391022682189941,
      -7.127283573150635,
      -8.197912216186523,
      -6.263332366943359,
      -6.003952503204346,
      -9.802024841308594
    ],
    "val_acc": [
      0.695,
      0.925,
      0.925,
      0.925,
      0.925,
      0.925,
      0.925,
      0.925,
      0.925,
      0.925
    ]
  }
}