{
  "arch_name": "Base_CNN_TCN",
  "arch": "ArchConfig(enc_filters=[32, 64], enc_kernels=[5, 3], enc_strides=[1, 2], enc_dilations=[1, 1], enc_pool=('max', 2), enc_activation='relu', seq_type='tcn', seq_layers=2, seq_heads=1, seq_hidden=128, seq_kernel=5, seq_dilation=2, clf_layers=2, clf_units=64, d_model=128)",
  "metrics_paper": {
    "target_top1_acc": 0.8690744920993227,
    "target_error_percent": 13.092550790067726
  },
  "metrics_uad": {
    "ap": 0.31277812880555494,
    "auroc": 0.5114420062695925,
    "f1_pot": 0.27096774193548384,
    "precision_pot": 0.21649484536082475,
    "recall_pot": 0.3620689655172414,
    "thr_pot": 3.416573468712159e-05,
    "f1_best": 0.32653061224489793,
    "precision_best": 0.4,
    "recall_best": 0.27586206896551724,
    "thr_best": 3.417287371121347e-05,
    "event_f1": 0.22222222222222224,
    "event_precision": 0.13513513513513514,
    "event_recall": 0.625,
    "delay_mean": 3.6,
    "delay_median": 5.0
  },
  "train_curves": {
    "train_loss": [
      -0.829919695854187,
      -0.902676522731781,
      -1.0248862504959106,
      -1.088199496269226,
      -1.2253990173339844,
      -1.318090558052063,
      -1.3873529434204102,
      -1.4478524923324585,
      -1.5511248111724854,
      -1.6793668270111084,
      -1.7832375764846802,
      -1.869805932044983,
      -2.0319623947143555,
      -2.14397931098938,
      -2.326848268508911,
      -2.429169178009033,
      -2.6285786628723145,
      -2.799525737762451,
      -2.8709876537323,
      -3.0151174068450928,
      -3.3331189155578613,
      -3.3754401206970215,
      -3.6930270195007324,
      -3.371304512023926,
      -3.708076238632202,
      -4.161432266235352,
      -4.185755252838135,
      -3.9317588806152344,
      -4.464452743530273,
      -3.739260196685791,
      -4.574679851531982,
      -4.3412089347839355,
      -4.726621627807617,
      -4.185718059539795,
      -4.996492385864258,
      -4.4064555168151855,
      -4.658290386199951,
      -4.973489761352539,
      -4.552021026611328,
      -4.692378044128418,
      -4.833715915679932,
      -4.77727746963501,
      -4.978060722351074,
      -7.085440158843994,
      -5.287504196166992,
      -5.14707088470459,
      -5.553005695343018,
      -5.45328950881958,
      -5.89036226272583,
      -5.137411594390869,
      -5.097541332244873,
      -6.247533798217773,
      -5.8449811935424805,
      -5.639522552490234,
      -5.813020706176758,
      -8.198613166809082,
      -5.483516216278076,
      -6.391188144683838,
      -6.087691783905029,
      -6.560235500335693,
      -6.871325969696045,
      -5.00209379196167,
      -6.402613639831543,
      -5.9460978507995605,
      -5.765571117401123,
      -5.562351703643799,
      -6.682327747344971,
      -6.027675151824951,
      -5.087894439697266,
      -6.644393444061279,
      -6.624937534332275,
      -6.995492458343506,
      -6.8538665771484375,
      -6.121409893035889,
      -5.491166591644287,
      -5.101089954376221,
      -5.453225135803223,
      -5.530529499053955,
      -6.2815022468566895,
      -10.82443618774414,
      -5.8965325355529785,
      -7.015507221221924,
      -5.926130294799805,
      -8.603461265563965,
      -6.514414310455322,
      -6.469520092010498,
      -7.918034553527832,
      -7.303520679473877,
      -5.453012943267822,
      -5.058618545532227,
      -6.042847633361816,
      -6.323976039886475,
      -6.795648097991943,
      -4.64520263671875,
      -6.355983257293701,
      -5.976108074188232,
      -4.451206207275391,
      -5.359249591827393,
      -5.130621433258057,
      -8.729752540588379,
      -6.555590629577637,
      -5.375931262969971,
      -12.73544692993164,
      -4.784775733947754,
      -4.265552520751953,
      -4.230957508087158,
      -6.353191375732422,
      -7.593593120574951,
      -3.6614532470703125,
      -6.6807146072387695,
      -5.503248691558838,
      -6.087477684020996,
      -6.275555610656738,
      -8.685306549072266,
      -4.567754745483398,
      -6.109299182891846,
      -5.581476211547852,
      -3.941976547241211,
      -4.398005485534668,
      -9.13492488861084,
      -3.7555460929870605,
      -6.918839931488037,
      -4.9912543296813965,
      -6.030479907989502,
      -5.590889930725098,
      -5.016234874725342,
      -5.610466480255127,
      -5.760095119476318,
      -6.216156482696533,
      -5.241551399230957,
      -3.806605339050293,
      -5.366532802581787,
      -3.582556962966919,
      -3.582340717315674,
      -10.076432228088379,
      -6.400859832763672,
      -2.9214327335357666,
      -5.568558692932129,
      -3.5751760005950928,
      -6.765616416931152,
      -3.5330727100372314,
      -5.113994121551514,
      -6.875479221343994,
      -5.074030876159668,
      -4.4576568603515625,
      -3.881664276123047,
      -4.065084457397461,
      -9.22870922088623,
      -3.8994619846343994,
      -3.464254379272461,
      -3.4380829334259033,
      -3.912562131881714,
      -5.190833568572998,
      -5.723360061645508,
      -3.1197211742401123,
      -4.21124792098999,
      -3.901596784591675,
      -4.138119220733643,
      -3.371832847595215,
      -4.877967834472656,
      -3.529984951019287,
      -6.672775745391846,
      -4.704830646514893,
      -8.039970397949219,
      -5.67317008972168,
      -3.254558563232422,
      -4.702663898468018,
      -4.882991313934326,
      -6.047513484954834,
      -7.098618507385254,
      -4.840592384338379,
      -5.5511298179626465,
      -2.930774211883545,
      -3.335905075073242,
      -3.920525074005127,
      -6.246695041656494,
      -4.593666076660156,
      -3.988705635070801,
      -4.973682403564453,
      -5.513642311096191,
      -3.105081558227539,
      -3.58622670173645,
      -2.991955518722534,
      -3.554109573364258,
      -2.9949686527252197,
      -3.5548977851867676,
      -3.0247368812561035,
      -4.627995491027832,
      -2.872653007507324,
      -3.513667106628418,
      -3.7639970779418945,
      -7.171956539154053,
      -5.323612689971924,
      -5.375284671783447,
      -4.67112922668457,
      -14.867441177368164,
      -4.155172824859619,
      -3.561340808868408,
      -2.2337849140167236,
      -6.733576774597168
    ],
    "val_acc": [
      0.925,
      0.925,
      0.925,
      0.925,
      0.925,
      0.925,
      0.925,
      0.925,
      0.925,
      0.925
    ]
  },
  "weighting": {
    "option": "option2_svdd_on_forward_features",
    "tau": 1.0,
    "w_min": 0.05,
    "svdd_nu": 0.05,
    "svdd_epochs": 10,
    "svdd_warmup_epochs": 2
  }
}