{
  "arch_name": "Base_CNN_TCN",
  "arch": "ArchConfig(enc_filters=[32, 64], enc_kernels=[5, 3], enc_strides=[1, 2], enc_dilations=[1, 1], enc_pool=('max', 2), enc_activation='relu', seq_type='tcn', seq_layers=2, seq_heads=1, seq_hidden=128, seq_kernel=5, seq_dilation=2, clf_layers=2, clf_units=64, d_model=128)",
  "metrics_uad": {
    "ap": 0.142897616946993,
    "auroc": 0.2342578710644678,
    "f1_pot": 0.0,
    "precision_pot": 0.0,
    "recall_pot": 0.0,
    "thr_pot": 7.876577932620415e-05,
    "f1_best": 0.3143631436314363,
    "precision_best": 0.1864951768488746,
    "recall_best": 1.0,
    "thr_best": 0.0,
    "event_f1": 0.0,
    "event_precision": 0.0,
    "event_recall": 0.0,
    "delay_mean": Infinity,
    "delay_median": Infinity
  },
  "train_curves": {
    "train_loss": [
      -0.9790429472923279,
      -0.9805737137794495,
      -1.0050069093704224,
      -1.018539547920227,
      -1.0262154340744019,
      -1.025400996208191,
      -1.022709608078003,
      -1.0413683652877808,
      -1.0109819173812866,
      -1.0148612260818481,
      -1.0252822637557983,
      -1.0492783784866333,
      -1.04962956905365,
      -1.0879110097885132,
      -1.0955158472061157,
      -1.1498908996582031,
      -1.1997497081756592,
      -1.366947054862976,
      -1.4021490812301636,
      -1.604570984840393,
      -1.6693660020828247,
      -1.9701251983642578,
      -1.944880723953247,
      -2.3841450214385986,
      -2.2256619930267334,
      -2.9448394775390625,
      -2.480823278427124,
      -3.259495496749878,
      -2.772432327270508,
      -4.0588603019714355,
      -2.9670817852020264,
      -4.4843525886535645,
      -3.1478657722473145,
      -5.360815525054932,
      -3.3771560192108154,
      -6.1871442794799805,
      -3.9469637870788574,
      -6.669976234436035,
      -4.364081382751465,
      -6.805940628051758,
      -4.597802639007568,
      -8.284951210021973,
      -4.712204933166504,
      -9.356911659240723,
      -4.873501777648926,
      -9.378201484680176,
      -5.188732147216797,
      -10.95704174041748,
      -5.211489200592041,
      -12.741765022277832,
      -5.4213690757751465,
      -12.376309394836426,
      -5.589555263519287,
      -14.29500675201416,
      -5.994692325592041,
      -14.805864334106445,
      -5.829372406005859,
      -14.370100021362305,
      -6.275177001953125,
      -16.20686912536621,
      -6.990316867828369,
      -15.188114166259766,
      -7.689723968505859,
      -16.5976505279541,
      -7.238736152648926,
      -15.192108154296875,
      -7.107179641723633,
      -17.005752563476562,
      -7.124454498291016,
      -14.655936241149902,
      -7.385651111602783,
      -22.101016998291016,
      -8.48416805267334,
      -17.011558532714844,
      -9.272492408752441,
      -21.323665618896484,
      -9.058808326721191,
      -18.84800148010254,
      -8.553573608398438,
      -23.348388671875,
      -8.153637886047363,
      -19.373859405517578,
      -7.968580722808838,
      -19.316225051879883,
      -7.684416770935059,
      -23.67890167236328,
      -7.4800028800964355,
      -25.931190490722656,
      -7.2795000076293945,
      -27.928430557250977,
      -7.099194526672363,
      -17.66621208190918,
      -7.127824306488037,
      -21.083810806274414,
      -7.125154972076416,
      -24.56022071838379,
      -7.4814066886901855,
      -23.480194091796875,
      -7.604336261749268,
      -22.76178550720215,
      -7.370376110076904,
      -24.495155334472656,
      -7.70364236831665,
      -17.88791847229004,
      -7.355326175689697,
      -24.50583839416504,
      -7.2391204833984375,
      -18.518108367919922,
      -7.066445350646973,
      -24.892425537109375,
      -6.800930023193359,
      -23.567977905273438,
      -6.805892467498779,
      -24.789480209350586,
      -6.880819797515869,
      -26.759538650512695,
      -7.019257068634033,
      -25.861572265625,
      -6.90880012512207,
      -28.28541374206543,
      -6.716054916381836,
      -29.687496185302734,
      -6.6224684715271,
      -30.492902755737305,
      -6.3639116287231445,
      -29.84229850769043,
      -6.078720569610596,
      -20.961441040039062,
      -5.901282787322998,
      -19.8244686126709,
      -5.73085355758667,
      -28.739341735839844,
      -5.673189640045166,
      -20.597307205200195,
      -5.557117462158203,
      -27.452957153320312,
      -5.320661544799805,
      -30.712692260742188,
      -5.316464900970459,
      -36.60150146484375,
      -5.287837505340576,
      -30.952646255493164,
      -5.231220722198486,
      -28.79694175720215,
      -5.172482490539551,
      -27.660005569458008,
      -4.9897284507751465,
      -22.3621826171875,
      -5.131544589996338,
      -26.110437393188477,
      -5.086692810058594,
      -31.78554916381836,
      -5.040490627288818,
      -23.03851890563965,
      -4.96715784072876,
      -30.653425216674805,
      -4.953240871429443,
      -26.63592529296875,
      -4.946826457977295,
      -31.20472526550293,
      -4.899912357330322,
      -17.87152671813965,
      -4.812743663787842,
      -16.636518478393555,
      -4.832920074462891,
      -27.270286560058594,
      -4.847977161407471,
      -22.031949996948242,
      -4.849008560180664,
      -22.84638214111328,
      -4.829233169555664,
      -26.69831657409668,
      -4.787479400634766,
      -23.97051429748535,
      -4.813462257385254,
      -28.290719985961914,
      -4.8124213218688965,
      -33.28403854370117,
      -4.804504871368408,
      -28.822736740112305,
      -4.808288097381592,
      -27.79574203491211,
      -4.802932262420654,
      -28.96267318725586,
      -4.806173801422119,
      -32.933448791503906,
      -4.786186695098877,
      -28.749778747558594,
      -4.80879545211792,
      -31.889266967773438,
      -4.768250465393066,
      -31.067890167236328,
      -4.717898368835449,
      -30.590486526489258,
      -4.8033905029296875,
      -24.490694046020508,
      -4.800827980041504,
      -25.78194808959961,
      -4.801304340362549,
      -24.224895477294922
    ],
    "val_acc": [
      1.0,
      1.0,
      1.0,
      1.0,
      1.0,
      1.0,
      1.0,
      1.0,
      1.0,
      1.0
    ]
  },
  "weighting": {
    "option": "option2_svdd_on_forward_features",
    "tau": 1.0,
    "w_min": 0.05,
    "svdd_nu": 0.05,
    "svdd_epochs": 10,
    "svdd_warmup_epochs": 2
  }
}