{
  "arch_name": "Base_CNN_GRU",
  "arch": "ArchConfig(enc_filters=[32, 64], enc_kernels=[5, 3], enc_strides=[1, 2], enc_dilations=[1, 1], enc_pool=('max', 2), enc_activation='relu', seq_type='gru', seq_layers=1, seq_heads=1, seq_hidden=128, seq_kernel=3, seq_dilation=1, clf_layers=2, clf_units=64, d_model=128)",
  "metrics_paper": {
    "target_top1_acc": 0.8690744920993227,
    "target_error_percent": 13.092550790067726
  },
  "metrics_uad": {
    "ap": 0.076894565033039,
    "auroc": 0.1724585759068518,
    "f1_pot": 0.0,
    "precision_pot": 0.0,
    "recall_pot": 0.0,
    "thr_pot": 3.706783623783849e-05,
    "f1_best": 0.23153692614770457,
    "precision_best": 0.1309255079006772,
    "recall_best": 1.0,
    "thr_best": 2.113094410560734e-08,
    "event_f1": 0.0,
    "event_precision": 0.0,
    "event_recall": 0.0,
    "delay_mean": Infinity,
    "delay_median": Infinity
  },
  "train_curves": {
    "train_loss": [
      -0.9471609592437744,
      -0.9742040038108826,
      -1.0062110424041748,
      -1.0519672632217407,
      -1.1000944375991821,
      -1.1788336038589478,
      -1.2207361459732056,
      -1.2865060567855835,
      -1.3342370986938477,
      -1.256550908088684,
      -1.1945399045944214,
      -1.266592264175415,
      -0.9856282472610474,
      -0.8161522150039673,
      -0.7968261241912842,
      -0.9546862840652466,
      -0.9481953382492065,
      -0.9923266768455505,
      -1.2379300594329834,
      -1.2398381233215332,
      -1.1602632999420166,
      -0.983400821685791,
      -1.1143280267715454,
      -0.9017782211303711,
      -0.8943561315536499,
      -0.8628861308097839,
      -0.9255892038345337,
      -1.0732637643814087,
      -1.0320658683776855,
      -1.0012143850326538,
      -1.0226882696151733,
      -1.063278317451477,
      -0.941760241985321,
      -0.8883004188537598,
      -0.8809103965759277,
      -0.9260293841362,
      -0.936177134513855,
      -0.9606214165687561,
      -0.9976817965507507,
      -1.0055444240570068,
      -0.9848482608795166,
      -0.9656745195388794,
      -0.9706637859344482,
      -1.2070534229278564,
      -0.9921321868896484,
      -0.9494561553001404,
      -1.007415771484375,
      -1.0856715440750122,
      -1.1488332748413086,
      -1.0786452293395996,
      -1.0106675624847412,
      -0.9935961365699768,
      -0.9560650587081909,
      -0.9621086120605469,
      -1.020858645439148,
      -1.025846004486084,
      -0.9776171445846558,
      -0.9444945454597473,
      -0.9113086462020874,
      -0.8889475464820862,
      -0.8791869878768921,
      -0.9149047136306763,
      -0.9707866311073303,
      -0.9753470420837402,
      -0.9031246304512024,
      -0.8805951476097107,
      -0.8228039145469666,
      -0.8626906275749207,
      -1.0123175382614136,
      -0.9788011908531189,
      -0.9280287623405457,
      -0.9292088150978088,
      -0.8822453618049622,
      -0.851237416267395,
      -0.9378148317337036,
      -0.9690316915512085,
      -1.0117361545562744,
      -0.9784931540489197,
      -0.9065399765968323,
      -0.7823660373687744,
      -0.8339057564735413,
      -1.0440670251846313,
      -1.004751443862915,
      -0.9751201868057251,
      -0.845111608505249,
      -0.7994910478591919,
      -0.735711932182312,
      -0.7604261040687561,
      -0.863646388053894,
      -0.9259607195854187,
      -0.9308270215988159,
      -3.0945169925689697,
      -0.7190150022506714,
      -0.6633409261703491,
      -0.637203574180603,
      -0.592629611492157,
      -0.5892114043235779,
      -0.5889958143234253,
      -0.5800794959068298,
      -0.5756272077560425,
      -0.5781490802764893,
      -0.5663401484489441,
      -0.5529741048812866,
      -0.5466797351837158,
      -0.5707616209983826,
      -0.5299863815307617,
      -0.5498887896537781,
      -0.5208429098129272,
      -0.5225715041160583,
      -0.5227660536766052,
      -0.5154981017112732,
      -0.5302939414978027,
      -0.5251325368881226,
      -0.5201079845428467,
      -0.5300418138504028,
      -0.5894156694412231,
      -0.5548484325408936,
      -0.5268120765686035,
      -0.5402127504348755,
      -0.5467530488967896,
      -0.5311191082000732,
      -0.5269754528999329,
      -0.5403828620910645,
      -0.5359093546867371,
      -0.5303109884262085,
      -0.5401753783226013,
      -0.5336084961891174,
      -0.5326768755912781,
      -0.5332468152046204,
      -0.5416089296340942,
      -0.5399631857872009,
      -0.5467991828918457,
      -0.5306677222251892,
      -0.5239365696907043,
      -0.5442431569099426,
      -0.5161234140396118,
      -0.5152391195297241,
      -0.5219449400901794,
      -0.5283090472221375,
      -0.5656462907791138,
      -0.5099467635154724,
      -0.5294474363327026,
      -0.5078189969062805,
      -0.5039823651313782,
      -0.5079246759414673,
      -0.4999125003814697,
      -0.48906391859054565,
      -0.5020312070846558,
      -0.48562026023864746,
      -0.4872508645057678,
      -0.4973793029785156,
      -0.5003925561904907,
      -0.4981841444969177,
      -0.4835958778858185,
      -0.4906177520751953,
      -3.5120797157287598,
      -0.4857921600341797,
      -0.48226672410964966,
      -0.5096715688705444,
      -0.4941628575325012,
      -0.4800235629081726,
      -0.4848681092262268,
      -0.48592811822891235,
      -0.5254107713699341,
      -0.48118048906326294,
      -0.483894944190979,
      -0.5025972127914429,
      -0.5028470754623413,
      -0.4894869327545166,
      -0.5044516921043396,
      -0.487126886844635,
      -0.5072888135910034,
      -0.4781080484390259,
      -0.4768331050872803,
      -0.48461174964904785,
      -0.5246402025222778,
      -0.48975080251693726,
      -0.4787293076515198,
      -0.47975093126296997,
      -0.4735894799232483,
      -0.4809383749961853,
      -0.47796499729156494,
      -0.4769594967365265,
      -0.48219364881515503,
      -0.47063547372817993,
      -0.4841270446777344,
      -0.4802623689174652,
      -0.49689990282058716,
      -0.475736141204834,
      -0.5147890448570251,
      -0.4756088852882385,
      -0.48246368765830994,
      -0.4768596291542053,
      -0.4961118698120117,
      -0.4849226474761963,
      -0.49044865369796753,
      -0.4786815643310547,
      -0.48838967084884644,
      -0.496305376291275,
      -0.496711790561676
    ],
    "val_acc": [
      0.925,
      0.925,
      0.925,
      0.925,
      0.925,
      0.925,
      0.925,
      0.925,
      0.925,
      0.925
    ]
  },
  "weighting": {
    "option": "option2_svdd_on_forward_features",
    "tau": 1.0,
    "w_min": 0.05,
    "svdd_nu": 0.05,
    "svdd_epochs": 10,
    "svdd_warmup_epochs": 2
  }
}