{
  "arch_name": "Base_CNN_GRU",
  "arch": "ArchConfig(enc_filters=[32, 64], enc_kernels=[5, 3], enc_strides=[1, 2], enc_dilations=[1, 1], enc_pool=('max', 2), enc_activation='relu', seq_type='gru', seq_layers=1, seq_heads=1, seq_hidden=128, seq_kernel=3, seq_dilation=1, clf_layers=2, clf_units=64, d_model=128)",
  "metrics_uad": {
    "ap": 0.0638765193625743,
    "auroc": 0.1254125412541254,
    "f1_pot": 0.0,
    "precision_pot": 0.0,
    "recall_pot": 0.0,
    "thr_pot": 0.3065981656312943,
    "f1_best": 0.192,
    "precision_best": 0.10619469026548672,
    "recall_best": 1.0,
    "thr_best": 0.004804171156138182,
    "event_f1": 0.0,
    "event_precision": 0.0,
    "event_recall": 0.0,
    "delay_mean": Infinity,
    "delay_median": Infinity
  },
  "train_curves": {
    "train_loss": [
      -1.029555320739746,
      -1.1437398195266724,
      -1.2889628410339355,
      -1.4571608304977417,
      -1.6352317333221436,
      -1.8334993124008179,
      -2.0335254669189453,
      -2.218315839767456,
      -2.4049973487854004,
      -2.5289289951324463,
      -2.685612678527832,
      -2.6462836265563965,
      -2.658036470413208,
      -2.5905892848968506,
      -2.3839309215545654,
      -2.2126317024230957,
      -1.9136552810668945,
      -1.668724536895752,
      -1.4319037199020386,
      -1.0671887397766113,
      -0.8901240229606628,
      -0.8090901970863342,
      -0.7884470224380493,
      -0.842129647731781,
      -0.8950614929199219,
      -0.9700979590415955,
      -1.0662925243377686,
      -1.152514100074768,
      -1.1764774322509766,
      -1.1892706155776978,
      -1.1946415901184082,
      -1.1634914875030518,
      -1.150476098060608,
      -1.09291672706604,
      -1.0483037233352661,
      -1.0373880863189697,
      -1.0229798555374146,
      -1.0083121061325073,
      -0.9834377765655518,
      -1.0125863552093506,
      -1.0229432582855225,
      -1.0248353481292725,
      -1.0006247758865356,
      -0.9743735194206238,
      -0.9972994327545166,
      -0.947029709815979,
      -0.950080931186676,
      -0.9264189004898071,
      -0.8868533372879028,
      -0.8285353183746338,
      -0.8168618083000183,
      -0.8585667610168457,
      -0.8252696990966797,
      -0.8886875510215759,
      -0.8739987015724182,
      -0.8339687585830688,
      -0.8202475905418396,
      -0.809847891330719,
      -0.7859381437301636,
      -0.7619344592094421,
      -0.7772784233093262,
      -0.8265547752380371,
      -0.7686371803283691,
      -0.8169996738433838,
      -0.742671012878418,
      -0.7446309924125671,
      -0.7594859600067139,
      -0.7892118692398071,
      -0.8186900615692139,
      -0.7438099384307861,
      -0.7290927767753601,
      -0.7301884293556213,
      -0.7023960947990417,
      -0.6587011814117432,
      -0.6476538181304932,
      -0.6724067330360413,
      -0.6258476972579956,
      -0.6584482789039612,
      -0.6433319449424744,
      -0.6711453199386597,
      -0.613744854927063,
      -0.596558153629303,
      -0.601540744304657,
      -0.5707675814628601,
      -0.5848666429519653,
      -0.6511949300765991,
      -0.6011196374893188,
      -0.5927389860153198,
      -0.5796958208084106,
      -0.5775192379951477,
      -0.6206785440444946,
      -0.6290538907051086,
      -0.6228686571121216,
      -0.5998426675796509,
      -0.6069380044937134,
      -0.6133474707603455,
      -0.6053739786148071,
      -0.6120509505271912,
      -0.6159203052520752,
      -0.6243007779121399,
      -0.6272894144058228,
      -0.6120222210884094,
      -0.6365771293640137,
      -0.6330466866493225,
      -0.6398301720619202,
      -0.6329354047775269,
      -0.638403594493866,
      -0.6254762411117554,
      -0.6266542077064514,
      -0.6145766973495483,
      -0.602863609790802,
      -0.5902900099754333,
      -0.5786755681037903,
      -0.5663754343986511,
      -0.558659553527832,
      -0.5700539946556091,
      -0.5651800036430359,
      -0.5782379508018494,
      -0.5843410491943359,
      -0.6098448038101196,
      -0.6092969179153442,
      -0.6201881170272827,
      -0.6239587664604187,
      -0.6145201325416565,
      -0.6305376291275024,
      -0.6445537209510803,
      -0.6427227854728699,
      -0.6505833864212036,
      -0.6554406881332397,
      -0.6579346060752869,
      -0.6486778855323792,
      -0.644075334072113,
      -0.6703222990036011,
      -0.6578408479690552,
      -0.6754966974258423,
      -0.6693344712257385,
      -0.6710901260375977,
      -0.661169171333313,
      -0.6592020392417908,
      -0.6426573991775513,
      -0.6507130265235901,
      -0.6566661596298218,
      -0.6729321479797363,
      -0.6476165652275085,
      -0.6671280264854431,
      -0.662394106388092,
      -0.6610473990440369,
      -0.6643972992897034,
      -0.667288601398468,
      -0.6549962162971497,
      -0.6642324328422546,
      -0.6511566042900085,
      -0.6552116870880127,
      -0.6650736331939697,
      -0.6438523530960083,
      -0.6455498337745667,
      -0.6395788192749023,
      -0.6390054821968079,
      -0.6434000134468079,
      -0.6276544332504272,
      -0.6365410089492798,
      -0.6341012120246887,
      -0.6319075226783752,
      -0.6398414373397827,
      -0.6159147024154663,
      -0.6260542869567871,
      -0.6288906931877136,
      -0.6400740742683411,
      -0.6122771501541138,
      -0.6353552341461182,
      -0.6284244060516357,
      -0.6251296997070312,
      -0.616829514503479,
      -0.6370722055435181,
      -0.6234392523765564,
      -0.6150004267692566,
      -0.6275110244750977,
      -0.617866575717926,
      -0.6183834671974182,
      -0.6288789510726929,
      -0.623974084854126,
      -0.6211313009262085,
      -0.6210542321205139,
      -0.6350433230400085,
      -0.6282442808151245,
      -0.6176238059997559,
      -0.6316007375717163,
      -0.6004233360290527,
      -0.6174027919769287,
      -0.6264578700065613,
      -0.623643696308136,
      -0.6262754201889038,
      -0.6180343627929688,
      -0.6166962385177612,
      -0.6303420662879944,
      -0.6312829256057739,
      -0.6194356083869934,
      -0.6260073184967041,
      -0.618503212928772,
      -0.6458495855331421
    ],
    "val_acc": [
      0.9512195121951219,
      0.9512195121951219,
      0.9512195121951219,
      0.9512195121951219,
      0.9512195121951219,
      0.9512195121951219,
      0.9512195121951219,
      0.9512195121951219,
      0.9512195121951219,
      0.9512195121951219
    ]
  },
  "weighting": {
    "option": "option2_svdd_on_forward_features",
    "tau": 1.0,
    "w_min": 0.05,
    "svdd_nu": 0.05,
    "svdd_epochs": 10,
    "svdd_warmup_epochs": 2
  }
}