{
  "arch_name": "Base_CNN_TCN",
  "arch": "ArchConfig(enc_filters=[32, 64], enc_kernels=[5, 3], enc_strides=[1, 2], enc_dilations=[1, 1], enc_pool=('max', 2), enc_activation='relu', seq_type='tcn', seq_layers=2, seq_heads=1, seq_hidden=128, seq_kernel=5, seq_dilation=2, clf_layers=2, clf_units=64, d_model=128)",
  "metrics_uad": {
    "ap": 0.07271765921860072,
    "auroc": 0.24587458745874585,
    "f1_pot": 0.1098901098901099,
    "precision_pot": 0.06329113924050633,
    "recall_pot": 0.4166666666666667,
    "thr_pot": 1.8317019748792507e-05,
    "f1_best": 0.192,
    "precision_best": 0.10619469026548672,
    "recall_best": 1.0,
    "thr_best": 1.7971838210326108e-13,
    "event_f1": 0.30769230769230765,
    "event_precision": 0.2222222222222222,
    "event_recall": 0.5,
    "delay_mean": 0.0,
    "delay_median": 0.0
  },
  "train_curves": {
    "train_loss": [
      -0.9878469705581665,
      -0.9962863922119141,
      -1.0024394989013672,
      -1.005854845046997,
      -1.0024020671844482,
      -0.9896793365478516,
      -0.9813937544822693,
      -0.9763541221618652,
      -0.9677467346191406,
      -0.9592617750167847,
      -0.95248943567276,
      -0.9616472125053406,
      -0.9650251269340515,
      -0.9793040752410889,
      -1.0152058601379395,
      -1.0642788410186768,
      -1.1283442974090576,
      -1.2036030292510986,
      -1.282975673675537,
      -1.3644157648086548,
      -1.4434523582458496,
      -1.5205518007278442,
      -1.5970407724380493,
      -1.6661936044692993,
      -1.7277976274490356,
      -1.7804433107376099,
      -1.8227607011795044,
      -1.858119249343872,
      -1.8920263051986694,
      -1.9238389730453491,
      -1.9624977111816406,
      -1.9985883235931396,
      -2.0184614658355713,
      -2.07301926612854,
      -2.090869903564453,
      -2.13405704498291,
      -2.1537370681762695,
      -2.1881227493286133,
      -2.2102444171905518,
      -2.2371156215667725,
      -2.2628173828125,
      -2.282160520553589,
      -2.299959182739258,
      -2.3215208053588867,
      -2.335655689239502,
      -2.3548662662506104,
      -2.3681774139404297,
      -2.384521245956421,
      -2.386732816696167,
      -2.4036033153533936,
      -2.4212708473205566,
      -2.4200916290283203,
      -2.4245686531066895,
      -2.426048994064331,
      -2.4181323051452637,
      -2.421048402786255,
      -2.4130170345306396,
      -2.4062023162841797,
      -2.398538589477539,
      -2.384178400039673,
      -2.376508951187134,
      -2.360476016998291,
      -2.3456006050109863,
      -2.328685760498047,
      -2.308579921722412,
      -2.2910943031311035,
      -2.268146514892578,
      -2.242525100708008,
      -2.220637559890747,
      -2.1895720958709717,
      -2.1617298126220703,
      -2.1371843814849854,
      -2.1062285900115967,
      -2.080306053161621,
      -2.049605369567871,
      -2.0252692699432373,
      -1.998497724533081,
      -1.9746465682983398,
      -1.9425981044769287,
      -1.9201430082321167,
      -1.886268138885498,
      -1.8597877025604248,
      -1.845027208328247,
      -1.8072906732559204,
      -1.7848572731018066,
      -1.7603676319122314,
      -1.7326784133911133,
      -1.7139040231704712,
      -1.6857380867004395,
      -1.6605052947998047,
      -1.6423113346099854,
      -1.616404414176941,
      -1.5939499139785767,
      -1.5758259296417236,
      -1.5643013715744019,
      -1.548723578453064,
      -1.535014033317566,
      -1.5316474437713623,
      -1.5090622901916504,
      -1.499718427658081,
      -1.5009865760803223,
      -1.484586238861084,
      -1.4741262197494507,
      -1.476970911026001,
      -1.4626765251159668,
      -1.4598735570907593,
      -1.4578511714935303,
      -1.4546548128128052,
      -1.4478918313980103,
      -1.4461380243301392,
      -1.4509650468826294,
      -1.4478254318237305,
      -1.4459202289581299,
      -1.4506126642227173,
      -1.4495923519134521,
      -1.449610710144043,
      -1.4538383483886719,
      -1.4532647132873535,
      -1.4555541276931763,
      -1.4583592414855957,
      -1.4598039388656616,
      -1.4614430665969849,
      -1.4643025398254395,
      -1.4659318923950195,
      -1.469009280204773,
      -1.4723505973815918,
      -1.4750908613204956,
      -1.4779086112976074,
      -1.4811218976974487,
      -1.4834824800491333,
      -1.487176775932312,
      -1.4907863140106201,
      -1.4943914413452148,
      -1.498016595840454,
      -1.501420497894287,
      -1.5049210786819458,
      -1.508628249168396,
      -1.5125148296356201,
      -1.5158071517944336,
      -1.5190536975860596,
      -1.5225725173950195,
      -1.52609384059906,
      -1.5293467044830322,
      -1.5324748754501343,
      -1.5356738567352295,
      -1.5390625,
      -1.5422414541244507,
      -1.5451710224151611,
      -1.5481650829315186,
      -1.5510514974594116,
      -1.5539370775222778,
      -1.55656898021698,
      -1.559282660484314,
      -1.5618520975112915,
      -1.5643011331558228,
      -1.5666435956954956,
      -1.5689650774002075,
      -1.5712405443191528,
      -1.5733197927474976,
      -1.5753642320632935,
      -1.5773993730545044,
      -1.5792696475982666,
      -1.5811126232147217,
      -1.5828602313995361,
      -1.5844595432281494,
      -1.586016058921814,
      -1.587477684020996,
      -1.5887986421585083,
      -1.5901446342468262,
      -1.5914249420166016,
      -1.5926296710968018,
      -1.5936490297317505,
      -1.594648003578186,
      -1.5955910682678223,
      -1.596502423286438,
      -1.5973341464996338,
      -1.5980863571166992,
      -1.5987951755523682,
      -1.5994378328323364,
      -1.6000477075576782,
      -1.60062575340271,
      -1.6011073589324951,
      -1.6015547513961792,
      -1.601949691772461,
      -1.6023082733154297,
      -1.6026315689086914,
      -1.602898359298706,
      -1.6031323671340942,
      -1.6033412218093872,
      -1.6035149097442627,
      -1.6036627292633057,
      -1.6037813425064087,
      -1.603880524635315,
      -1.6039577722549438,
      -1.6040139198303223,
      -1.6040571928024292,
      -1.604086995124817,
      -1.6041103601455688,
      -1.6041157245635986,
      -1.604119896888733
    ],
    "val_acc": [
      0.9512195121951219,
      0.9512195121951219,
      0.9512195121951219,
      0.9512195121951219,
      0.9512195121951219,
      0.9512195121951219,
      0.9512195121951219,
      0.9512195121951219,
      0.9512195121951219,
      0.9512195121951219
    ]
  },
  "weighting": {
    "option": "option2_svdd_on_forward_features",
    "tau": 1.0,
    "w_min": 0.05,
    "svdd_nu": 0.05,
    "svdd_epochs": 10,
    "svdd_warmup_epochs": 2
  }
}