{
  "arch_name": "Base_CNN_TRF",
  "arch": "ArchConfig(enc_filters=[32, 64], enc_kernels=[5, 3], enc_strides=[1, 2], enc_dilations=[1, 1], enc_pool=('max', 2), enc_activation='relu', seq_type='transformer', seq_layers=1, seq_heads=2, seq_hidden=128, seq_kernel=3, seq_dilation=1, clf_layers=2, clf_units=64, d_model=128)",
  "metrics_uad": {
    "ap": 0.0687260838803249,
    "auroc": 0.19636963696369636,
    "f1_pot": 0.0,
    "precision_pot": 0.0,
    "recall_pot": 0.0,
    "thr_pot": 0.1449436938762665,
    "f1_best": 0.192,
    "precision_best": 0.10619469026548672,
    "recall_best": 1.0,
    "thr_best": 0.004298440646380186,
    "event_f1": 0.0,
    "event_precision": 0.0,
    "event_recall": 0.0,
    "delay_mean": Infinity,
    "delay_median": Infinity
  },
  "train_curves": {
    "train_loss": [
      -0.9760000109672546,
      -0.9890010356903076,
      -1.0119764804840088,
      -1.0400099754333496,
      -1.0699740648269653,
      -1.1009610891342163,
      -1.1346170902252197,
      -1.1674329042434692,
      -1.2008743286132812,
      -1.2333368062973022,
      -1.2573190927505493,
      -1.2715781927108765,
      -1.2729600667953491,
      -1.274653434753418,
      -1.2559939622879028,
      -1.224168300628662,
      -1.1719818115234375,
      -1.1164734363555908,
      -1.047217607498169,
      -0.9928354620933533,
      -1.038300633430481,
      -1.1530841588974,
      -1.28449285030365,
      -1.3747879266738892,
      -1.436155080795288,
      -1.4297488927841187,
      -1.4167988300323486,
      -1.341170072555542,
      -1.2279874086380005,
      -1.070175290107727,
      -0.933573842048645,
      -0.8368517160415649,
      -0.7987030148506165,
      -0.7890839576721191,
      -0.799895167350769,
      -0.8447321653366089,
      -0.8864094018936157,
      -0.9171100854873657,
      -0.95259690284729,
      -0.9830542206764221,
      -1.0012657642364502,
      -1.011520266532898,
      -1.019770860671997,
      -1.0169769525527954,
      -1.0067561864852905,
      -0.9929970502853394,
      -0.9715924859046936,
      -0.9644649624824524,
      -0.9621912837028503,
      -0.9662752151489258,
      -0.9602561593055725,
      -0.9829937815666199,
      -1.0372234582901,
      -1.0497952699661255,
      -1.0636895895004272,
      -1.07145094871521,
      -1.1069053411483765,
      -1.128836750984192,
      -1.164671540260315,
      -1.1852076053619385,
      -1.223055362701416,
      -1.2839571237564087,
      -1.3466836214065552,
      -1.3837645053863525,
      -1.403347134590149,
      -1.3943544626235962,
      -1.3598178625106812,
      -1.3077037334442139,
      -1.239973545074463,
      -1.1964255571365356,
      -1.161690354347229,
      -1.1126384735107422,
      -1.0714877843856812,
      -1.043921947479248,
      -1.041257381439209,
      -1.078755259513855,
      -1.076532244682312,
      -1.0977110862731934,
      -1.1113392114639282,
      -1.121931552886963,
      -1.1324602365493774,
      -1.1343084573745728,
      -1.152604579925537,
      -1.160372018814087,
      -1.1546964645385742,
      -1.1534675359725952,
      -1.1404999494552612,
      -1.1359668970108032,
      -1.1349531412124634,
      -1.1357331275939941,
      -1.1477248668670654,
      -1.141741394996643,
      -1.1469991207122803,
      -1.142278790473938,
      -1.1454193592071533,
      -1.1378613710403442,
      -1.1315947771072388,
      -1.1162134408950806,
      -1.1044405698776245,
      -1.0935053825378418,
      -1.069736123085022,
      -1.0545592308044434,
      -1.0321485996246338,
      -1.0111100673675537,
      -0.9973994493484497,
      -0.9824116230010986,
      -0.9738848209381104,
      -0.9476582407951355,
      -0.9361562728881836,
      -0.9165247678756714,
      -0.8898048400878906,
      -0.8651275634765625,
      -0.8490110635757446,
      -0.8290430307388306,
      -0.8111890554428101,
      -0.8024634718894958,
      -0.7919339537620544,
      -0.7890173196792603,
      -0.7786527276039124,
      -0.7701672911643982,
      -0.7797056436538696,
      -0.7802214026451111,
      -0.7813220024108887,
      -0.7864004373550415,
      -0.7902528643608093,
      -0.7977632880210876,
      -0.8017833828926086,
      -0.814726710319519,
      -0.8253951668739319,
      -0.8270838856697083,
      -0.8287404775619507,
      -0.8468963503837585,
      -0.8446987867355347,
      -0.846451461315155,
      -0.8552969694137573,
      -0.8515800833702087,
      -0.8521522879600525,
      -0.8566879630088806,
      -0.86238694190979,
      -0.8592210412025452,
      -0.8635345101356506,
      -0.8702321648597717,
      -0.8690213561058044,
      -0.8693097233772278,
      -0.8788333535194397,
      -0.8802466988563538,
      -0.8819793462753296,
      -0.8946646451950073,
      -0.8902488946914673,
      -0.8979567885398865,
      -0.8992446064949036,
      -0.9054344892501831,
      -0.8973145484924316,
      -0.9009167551994324,
      -0.9060673117637634,
      -0.903978168964386,
      -0.9054197669029236,
      -0.9033580422401428,
      -0.912403404712677,
      -0.9058010578155518,
      -0.9058799743652344,
      -0.9092748165130615,
      -0.9128047227859497,
      -0.9092183709144592,
      -0.9110105633735657,
      -0.9115158915519714,
      -0.9131155610084534,
      -0.9210585355758667,
      -0.9220890998840332,
      -0.9144989252090454,
      -0.9153895378112793,
      -0.9148834347724915,
      -0.9225945472717285,
      -0.9188818335533142,
      -0.9166049957275391,
      -0.9247667789459229,
      -0.9205886125564575,
      -0.9267692565917969,
      -0.9178559184074402,
      -0.9225800037384033,
      -0.9220181703567505,
      -0.9220180511474609,
      -0.9210529327392578,
      -0.9267241358757019,
      -0.9183001518249512,
      -0.9200701713562012,
      -0.9198414087295532,
      -0.9242479801177979,
      -0.9246764779090881,
      -0.9242972731590271,
      -0.9179359674453735,
      -0.9166566133499146,
      -0.9229246973991394,
      -0.9227508306503296,
      -0.920809268951416,
      -0.920712947845459,
      -0.9191644191741943,
      -0.9216673970222473,
      -0.9245961904525757,
      -0.927092969417572
    ],
    "val_acc": [
      0.9512195121951219,
      0.9512195121951219,
      0.9512195121951219,
      0.9512195121951219,
      0.9512195121951219,
      0.9512195121951219,
      0.9512195121951219,
      0.9512195121951219,
      0.9512195121951219,
      0.9512195121951219
    ]
  },
  "weighting": {
    "option": "option2_svdd_on_forward_features",
    "tau": 1.0,
    "w_min": 0.05,
    "svdd_nu": 0.05,
    "svdd_epochs": 10,
    "svdd_warmup_epochs": 2
  }
}