{
  "arch_name": "Base_CNN_GRU",
  "arch": "ArchConfig(enc_filters=[32, 64], enc_kernels=[5, 3], enc_strides=[1, 2], enc_dilations=[1, 1], enc_pool=('max', 2), enc_activation='relu', seq_type='gru', seq_layers=1, seq_heads=1, seq_hidden=128, seq_kernel=3, seq_dilation=1, clf_layers=2, clf_units=64, d_model=128)",
  "metrics_uad": {
    "ap": 0.17400964790958282,
    "auroc": 0.4559765571759574,
    "f1_pot": 0.0,
    "precision_pot": 0.0,
    "recall_pot": 0.0,
    "thr_pot": 0.04905213892459869,
    "f1_best": 0.3143631436314363,
    "precision_best": 0.1864951768488746,
    "recall_best": 1.0,
    "thr_best": 0.0019247450400143862,
    "event_f1": 0.0,
    "event_precision": 0.0,
    "event_recall": 0.0,
    "delay_mean": Infinity,
    "delay_median": Infinity
  },
  "train_curves": {
    "train_loss": [
      -1.0066616535186768,
      -1.1399726867675781,
      -1.352005124092102,
      -1.5964874029159546,
      -1.839633584022522,
      -2.1111931800842285,
      -2.3253285884857178,
      -2.5408036708831787,
      -2.6919400691986084,
      -2.8417587280273438,
      -2.888126850128174,
      -2.998800754547119,
      -2.8101820945739746,
      -2.804352283477783,
      -2.4047536849975586,
      -1.915186882019043,
      -1.6888980865478516,
      -1.5724657773971558,
      -1.1249161958694458,
      -1.1597723960876465,
      -1.0938453674316406,
      -1.13589608669281,
      -1.2595362663269043,
      -1.323097825050354,
      -1.3730337619781494,
      -1.3223795890808105,
      -1.335921049118042,
      -1.3007457256317139,
      -1.2518454790115356,
      -1.214643955230713,
      -1.1998456716537476,
      -1.2136399745941162,
      -1.22395658493042,
      -1.2919102907180786,
      -1.3032408952713013,
      -1.4275460243225098,
      -1.3789198398590088,
      -1.4573390483856201,
      -1.4161336421966553,
      -1.4778683185577393,
      -1.4202947616577148,
      -1.6965795755386353,
      -1.4034678936004639,
      -1.5992481708526611,
      -1.3829249143600464,
      -1.4341821670532227,
      -1.3524096012115479,
      -1.3895535469055176,
      -1.2774784564971924,
      -1.3858155012130737,
      -1.2116613388061523,
      -1.2212721109390259,
      -1.2377352714538574,
      -1.197237253189087,
      -1.274163842201233,
      -1.2816580533981323,
      -1.2268948554992676,
      -1.230751633644104,
      -1.2933175563812256,
      -1.4306766986846924,
      -1.379717230796814,
      -1.5714163780212402,
      -1.2894319295883179,
      -1.575273036956787,
      -1.16463303565979,
      -1.3616019487380981,
      -1.1869316101074219,
      -1.422806739807129,
      -1.232416033744812,
      -1.164228916168213,
      -1.1544939279556274,
      -1.0603634119033813,
      -1.1034096479415894,
      -1.1943522691726685,
      -1.1263365745544434,
      -1.3030890226364136,
      -1.085509181022644,
      -1.1484202146530151,
      -1.1224579811096191,
      -1.2801307439804077,
      -1.243307113647461,
      -1.408857822418213,
      -1.1999704837799072,
      -1.1697955131530762,
      -1.1596381664276123,
      -1.4959088563919067,
      -1.2245261669158936,
      -1.2390995025634766,
      -1.2791893482208252,
      -1.4784640073776245,
      -1.2328014373779297,
      -1.1601513624191284,
      -1.1109951734542847,
      -1.191914677619934,
      -0.9972906112670898,
      -1.00460946559906,
      -0.9590991139411926,
      -1.048206090927124,
      -1.0048737525939941,
      -0.9355362057685852,
      -1.0260624885559082,
      -1.1030395030975342,
      -0.9760400056838989,
      -0.8991190195083618,
      -0.9039589762687683,
      -0.9477232694625854,
      -0.9153209924697876,
      -1.048365592956543,
      -0.9300549626350403,
      -1.2865914106369019,
      -0.8649287819862366,
      -0.9955171942710876,
      -0.8573634624481201,
      -0.8489222526550293,
      -0.8842164278030396,
      -1.0243879556655884,
      -0.9705860614776611,
      -1.1187119483947754,
      -0.9404428005218506,
      -0.9573537111282349,
      -0.8866230249404907,
      -0.8399671316146851,
      -0.8315761089324951,
      -0.836310863494873,
      -0.8082349300384521,
      -0.8333268165588379,
      -0.8117725253105164,
      -0.8833326101303101,
      -0.8250438570976257,
      -0.8405194282531738,
      -0.8071111440658569,
      -0.8837428092956543,
      -0.7880846261978149,
      -0.9327669143676758,
      -0.7781351804733276,
      -0.834469199180603,
      -0.7518954277038574,
      -0.8795746564865112,
      -0.7280028462409973,
      -0.6535113453865051,
      -0.705628514289856,
      -0.856183648109436,
      -0.7098209261894226,
      -0.8008904457092285,
      -0.711323082447052,
      -0.7118771076202393,
      -0.706676185131073,
      -0.7085556983947754,
      -0.729590117931366,
      -0.8361907005310059,
      -0.7277500629425049,
      -0.6157716512680054,
      -0.7192013263702393,
      -0.8339349627494812,
      -0.6961904764175415,
      -0.8389133810997009,
      -0.6930969953536987,
      -0.7032938003540039,
      -0.6889311671257019,
      -0.6816068887710571,
      -0.6938640475273132,
      -0.6884403824806213,
      -0.67670738697052,
      -0.7838723063468933,
      -0.6759696006774902,
      -0.7847465872764587,
      -0.6823406219482422,
      -0.7066660523414612,
      -0.6823318600654602,
      -0.7532504796981812,
      -0.6729716658592224,
      -0.7686987519264221,
      -0.6819314956665039,
      -0.734544038772583,
      -0.6807882189750671,
      -0.5983852744102478,
      -0.6709096431732178,
      -0.6663689613342285,
      -0.6774650812149048,
      -0.7638721466064453,
      -0.6747838258743286,
      -0.765450656414032,
      -0.6673454642295837,
      -0.6990056037902832,
      -0.6629561185836792,
      -0.7735780477523804,
      -0.6679941415786743,
      -0.6254932880401611,
      -0.6666120290756226,
      -0.6804854273796082,
      -0.669411838054657,
      -0.6082252264022827,
      -0.6606338024139404,
      -0.7449080944061279,
      -0.6576120853424072,
      -0.7118831872940063,
      -0.666538655757904,
      -0.678446352481842,
      -0.6635755896568298,
      -1.2154359817504883
    ],
    "val_acc": [
      1.0,
      1.0,
      1.0,
      1.0,
      1.0,
      1.0,
      1.0,
      1.0,
      1.0,
      1.0
    ]
  },
  "weighting": {
    "option": "option2_svdd_on_forward_features",
    "tau": 1.0,
    "w_min": 0.05,
    "svdd_nu": 0.05,
    "svdd_epochs": 10,
    "svdd_warmup_epochs": 2
  }
}