{
  "arch_name": "Base_CNN_TCN",
  "arch": "ArchConfig(enc_filters=[32, 64], enc_kernels=[5, 3], enc_strides=[1, 2], enc_dilations=[1, 1], enc_pool=('max', 2), enc_activation='relu', seq_type='tcn', seq_layers=2, seq_heads=1, seq_hidden=128, seq_kernel=5, seq_dilation=2, clf_layers=2, clf_units=64, d_model=128)",
  "metrics_uad": {
    "ap": 0.06673038293714549,
    "auroc": 0.16419141914191418,
    "f1_pot": 0.0,
    "precision_pot": 0.0,
    "recall_pot": 0.0,
    "thr_pot": 0.00021244908188236875,
    "f1_best": 0.192,
    "precision_best": 0.10619469026548672,
    "recall_best": 1.0,
    "thr_best": 4.5639833058663815e-12,
    "event_f1": 0.0,
    "event_precision": 0.0,
    "event_recall": 0.0,
    "delay_mean": Infinity,
    "delay_median": Infinity
  },
  "train_curves": {
    "train_loss": [
      -0.9746832847595215,
      -0.9799572229385376,
      -0.9795985221862793,
      -1.0031732320785522,
      -1.025390625,
      -1.005088448524475,
      -1.0113193988800049,
      -1.0259324312210083,
      -1.0129239559173584,
      -0.9953508377075195,
      -1.0058032274246216,
      -0.9961118698120117,
      -1.0138746500015259,
      -1.0483258962631226,
      -0.9792004227638245,
      -0.903508186340332,
      -0.9142348170280457,
      -0.8999417424201965,
      -0.966464102268219,
      -0.9585734605789185,
      -1.0002461671829224,
      -0.9031286239624023,
      -1.0081840753555298,
      -1.0156002044677734,
      -1.4069939851760864,
      -1.4863569736480713,
      -1.4900788068771362,
      -1.3939381837844849,
      -2.0264909267425537,
      -2.04567289352417,
      -1.6820425987243652,
      -2.805494785308838,
      -2.458083391189575,
      -2.9696543216705322,
      -2.719808340072632,
      -2.5453004837036133,
      -2.4795634746551514,
      -3.3488497734069824,
      -3.1269371509552,
      -5.143436431884766,
      -3.01896595954895,
      -2.8438282012939453,
      -3.064342498779297,
      -2.6267967224121094,
      -5.0181050300598145,
      -2.6549336910247803,
      -4.8705596923828125,
      -3.3824586868286133,
      -3.6019110679626465,
      -3.9018070697784424,
      -3.777865171432495,
      -5.966515064239502,
      -5.187417984008789,
      -3.9999091625213623,
      -6.087904453277588,
      -4.55587911605835,
      -3.3469011783599854,
      -5.896450996398926,
      -3.4761502742767334,
      -5.529752254486084,
      -4.914220333099365,
      -7.287657260894775,
      -4.479123115539551,
      -6.430000305175781,
      -4.325286388397217,
      -4.949317455291748,
      -4.4623703956604,
      -3.352006196975708,
      -6.651482105255127,
      -11.344538688659668,
      -4.352745532989502,
      -7.132079601287842,
      -4.759978771209717,
      -4.315326690673828,
      -4.559381008148193,
      -4.200608730316162,
      -4.116991996765137,
      -4.157209396362305,
      -5.469467639923096,
      -10.276385307312012,
      -4.677568435668945,
      -4.2144246101379395,
      -5.735226154327393,
      -8.959019660949707,
      -5.923389434814453,
      -3.573146104812622,
      -5.467476844787598,
      -9.023873329162598,
      -6.268551826477051,
      -4.370344161987305,
      -5.140043258666992,
      -8.936064720153809,
      -4.214841842651367,
      -5.073683261871338,
      -7.663550853729248,
      -3.740827798843384,
      -7.091492176055908,
      -4.926381587982178,
      -4.705288887023926,
      -5.745056629180908,
      -3.150771379470825,
      -3.9363064765930176,
      -4.788061141967773,
      -3.383979320526123,
      -6.13895320892334,
      -4.945466041564941,
      -10.024370193481445,
      -4.718869209289551,
      -5.854728698730469,
      -5.5073628425598145,
      -3.9398751258850098,
      -3.52209210395813,
      -4.636430263519287,
      -10.683026313781738,
      -6.684269905090332,
      -7.205104351043701,
      -3.4448282718658447,
      -2.938688039779663,
      -6.371328353881836,
      -9.185761451721191,
      -3.5887584686279297,
      -2.8479251861572266,
      -7.38482141494751,
      -2.96586537361145,
      -9.682369232177734,
      -4.667684555053711,
      -4.697444915771484,
      -3.262688398361206,
      -2.949612855911255,
      -14.217135429382324,
      -3.862082004547119,
      -3.412961721420288,
      -5.392998695373535,
      -3.0356504917144775,
      -6.576922416687012,
      -7.052412509918213,
      -3.4657201766967773,
      -5.743351459503174,
      -6.519909381866455,
      -7.700636386871338,
      -4.764809608459473,
      -3.094735622406006,
      -5.257356643676758,
      -5.511817932128906,
      -3.4282500743865967,
      -3.4619967937469482,
      -7.091980934143066,
      -4.247793197631836,
      -4.532791614532471,
      -4.981018543243408,
      -5.717557907104492,
      -3.3094444274902344,
      -2.9413676261901855,
      -3.1383237838745117,
      -9.708517074584961,
      -3.955840826034546,
      -3.397244691848755,
      -5.451052188873291,
      -2.7087438106536865,
      -4.355165481567383,
      -2.7477612495422363,
      -3.131803035736084,
      -2.7019388675689697,
      -4.386876106262207,
      -9.04504680633545,
      -3.0147528648376465,
      -2.582899808883667,
      -3.9034783840179443,
      -2.9202234745025635,
      -5.421675205230713,
      -6.231281280517578,
      -6.674018383026123,
      -3.858515501022339,
      -3.252397060394287,
      -16.938068389892578,
      -3.0204291343688965,
      -7.075124263763428,
      -5.393242359161377,
      -3.5594334602355957,
      -7.809165954589844,
      -7.813007831573486,
      -5.652055740356445,
      -5.053167819976807,
      -3.246607780456543,
      -7.206920623779297,
      -6.599469184875488,
      -6.656924247741699,
      -6.055013179779053,
      -3.100585460662842,
      -3.430121660232544,
      -5.114879131317139,
      -2.9982635974884033,
      -4.511729717254639,
      -2.5863702297210693,
      -4.90005350112915,
      -2.5475258827209473,
      -2.7605931758880615,
      -4.558654308319092,
      -5.895956993103027,
      -7.478826522827148
    ],
    "val_acc": [
      0.9512195121951219,
      0.9512195121951219,
      0.9512195121951219,
      0.9512195121951219,
      0.9512195121951219,
      0.9512195121951219,
      0.9512195121951219,
      0.9512195121951219,
      0.9512195121951219,
      0.9512195121951219
    ]
  },
  "weighting": {
    "option": "option2_svdd_on_forward_features",
    "tau": 1.0,
    "w_min": 0.05,
    "svdd_nu": 0.05,
    "svdd_epochs": 10,
    "svdd_warmup_epochs": 2
  }
}