{
  "arch_name": "Base_CNN_TRF",
  "arch": "ArchConfig(enc_filters=[32, 64], enc_kernels=[5, 3], enc_strides=[1, 2], enc_dilations=[1, 1], enc_pool=('max', 2), enc_activation='relu', seq_type='transformer', seq_layers=1, seq_heads=2, seq_hidden=128, seq_kernel=3, seq_dilation=1, clf_layers=2, clf_units=64, d_model=128)",
  "metrics_uad": {
    "ap": 0.6258769174247661,
    "auroc": 0.8170914542728636,
    "f1_pot": 0.6842105263157895,
    "precision_pot": 0.6964285714285714,
    "recall_pot": 0.6724137931034483,
    "thr_pot": 0.006816371865570541,
    "f1_best": 0.7040000000000001,
    "precision_best": 0.6567164179104478,
    "recall_best": 0.7586206896551724,
    "thr_best": 0.006094072479754686,
    "event_f1": 0.6956521739130436,
    "event_precision": 0.5333333333333333,
    "event_recall": 1.0,
    "delay_mean": 0.0,
    "delay_median": 0.0
  },
  "train_curves": {
    "train_loss": [
      -1.0989638566970825,
      -1.1261115074157715,
      -1.1750802993774414,
      -1.2080782651901245,
      -1.23698091506958,
      -1.2616623640060425,
      -1.2708772420883179,
      -1.2696782350540161,
      -1.2492305040359497,
      -1.2161166667938232,
      -1.1768821477890015,
      -1.1340254545211792,
      -1.0798510313034058,
      -1.118327260017395,
      -1.1799218654632568,
      -1.2422726154327393,
      -1.2993625402450562,
      -1.330352544784546,
      -1.3456312417984009,
      -1.3197605609893799,
      -1.267134428024292,
      -1.2313041687011719,
      -1.2327708005905151,
      -1.289505958557129,
      -1.3457506895065308,
      -1.388609766960144,
      -1.4112263917922974,
      -1.410456657409668,
      -1.3990983963012695,
      -1.4139643907546997,
      -1.41904616355896,
      -1.4734678268432617,
      -1.498228669166565,
      -1.5523338317871094,
      -1.6082836389541626,
      -1.662187099456787,
      -1.6915749311447144,
      -1.7081133127212524,
      -1.727756381034851,
      -1.7696430683135986,
      -1.771788477897644,
      -1.7578349113464355,
      -1.713762879371643,
      -1.7335834503173828,
      -1.6470071077346802,
      -1.5647976398468018,
      -1.5756944417953491,
      -1.5835081338882446,
      -1.6065388917922974,
      -1.6259790658950806,
      -1.6111940145492554,
      -1.5857402086257935,
      -1.4804133176803589,
      -1.479252576828003,
      -1.5251482725143433,
      -1.568926453590393,
      -1.5432547330856323,
      -1.4781771898269653,
      -1.4380884170532227,
      -1.349303126335144,
      -1.3822345733642578,
      -1.5003079175949097,
      -1.4274336099624634,
      -1.301194429397583,
      -1.3070688247680664,
      -1.283594012260437,
      -1.5372031927108765,
      -1.4727427959442139,
      -1.4370487928390503,
      -1.3211123943328857,
      -1.2560404539108276,
      -1.2327290773391724,
      -1.2159627676010132,
      -1.3220162391662598,
      -1.3228917121887207,
      -1.457283854484558,
      -1.473798155784607,
      -1.5083427429199219,
      -1.5462794303894043,
      -1.4773389101028442,
      -1.486525058746338,
      -1.4614741802215576,
      -1.4790130853652954,
      -1.5359108448028564,
      -1.4595295190811157,
      -1.4123038053512573,
      -1.42037034034729,
      -1.336453914642334,
      -1.3697054386138916,
      -1.3763236999511719,
      -1.3996108770370483,
      -1.3825684785842896,
      -1.3494720458984375,
      -1.3582066297531128,
      -1.3392871618270874,
      -1.5154781341552734,
      -1.3449417352676392,
      -1.3266957998275757,
      -1.3179450035095215,
      -1.2882453203201294,
      -1.2575562000274658,
      -1.2506297826766968,
      -1.2079482078552246,
      -1.1869354248046875,
      -1.1780226230621338,
      -1.1897939443588257,
      -1.164146900177002,
      -1.1916536092758179,
      -1.1815738677978516,
      -1.196220874786377,
      -1.1263419389724731,
      -1.2393180131912231,
      -1.1143739223480225,
      -1.122300148010254,
      -1.0530352592468262,
      -1.1044349670410156,
      -1.0703719854354858,
      -1.1120918989181519,
      -1.0155161619186401,
      -1.077843189239502,
      -1.0111271142959595,
      -0.9988493919372559,
      -0.9826244115829468,
      -0.9835965037345886,
      -1.0316380262374878,
      -0.9854507446289062,
      -0.9684127569198608,
      -1.0249396562576294,
      -1.0020110607147217,
      -1.024339199066162,
      -1.0270501375198364,
      -1.0309083461761475,
      -1.056026816368103,
      -1.0569409132003784,
      -1.0832843780517578,
      -1.0788588523864746,
      -1.0905288457870483,
      -1.136983871459961,
      -1.1206943988800049,
      -1.1226167678833008,
      -1.152223825454712,
      -1.1576372385025024,
      -1.1969225406646729,
      -1.217452883720398,
      -1.2008285522460938,
      -1.1950340270996094,
      -1.2041633129119873,
      -1.255802035331726,
      -1.233993649482727,
      -1.2425750494003296,
      -1.258652925491333,
      -1.2549594640731812,
      -1.2837162017822266,
      -1.3696112632751465,
      -1.2936861515045166,
      -1.3394474983215332,
      -1.3093502521514893,
      -1.3227753639221191,
      -1.3526866436004639,
      -1.3664239645004272,
      -1.3574782609939575,
      -1.3673186302185059,
      -1.3896853923797607,
      -1.387492060661316,
      -1.3933104276657104,
      -1.4370448589324951,
      -1.4310472011566162,
      -1.4601073265075684,
      -1.4430480003356934,
      -1.4752967357635498,
      -1.4492555856704712,
      -1.441246747970581,
      -1.4643921852111816,
      -1.4724282026290894,
      -1.4895576238632202,
      -1.4719173908233643,
      -1.495526671409607,
      -1.4865583181381226,
      -1.4962823390960693,
      -1.510239601135254,
      -1.499669075012207,
      -1.5351788997650146,
      -1.4966191053390503,
      -1.507702350616455,
      -1.5116928815841675,
      -1.487633228302002,
      -1.500004529953003,
      -1.534476637840271,
      -1.5190163850784302,
      -1.5097589492797852,
      -1.5292781591415405,
      -1.5229637622833252,
      -1.5108741521835327,
      -1.5489288568496704,
      -1.5180470943450928,
      -1.5422636270523071,
      -1.5257612466812134,
      -1.5184390544891357,
      -1.5255502462387085,
      -1.52796471118927
    ],
    "val_acc": [
      1.0,
      1.0,
      1.0,
      1.0,
      1.0,
      1.0,
      1.0,
      1.0,
      1.0,
      1.0
    ]
  },
  "weighting": {
    "option": "option2_svdd_on_forward_features",
    "tau": 1.0,
    "w_min": 0.05,
    "svdd_nu": 0.05,
    "svdd_epochs": 10,
    "svdd_warmup_epochs": 2
  }
}