{
  "arch_name": "Base_CNN_TRF",
  "arch": "ArchConfig(enc_filters=[32, 64], enc_kernels=[5, 3], enc_strides=[1, 2], enc_dilations=[1, 1], enc_pool=('max', 2), enc_activation='relu', seq_type='transformer', seq_layers=1, seq_heads=2, seq_hidden=128, seq_kernel=3, seq_dilation=1, clf_layers=2, clf_units=64, d_model=128)",
  "metrics_paper": {
    "target_top1_acc": 0.8690744920993227,
    "target_error_percent": 13.092550790067726
  },
  "metrics_uad": {
    "ap": 0.44319228671026556,
    "auroc": 0.7655172413793102,
    "f1_pot": 0.4375,
    "precision_pot": 0.3431372549019608,
    "recall_pot": 0.603448275862069,
    "thr_pot": 1.2394954828778283e-05,
    "f1_best": 0.4431818181818182,
    "precision_best": 0.3305084745762712,
    "recall_best": 0.6724137931034483,
    "thr_best": 1.2394913028401788e-05,
    "event_f1": 0.48275862068965514,
    "event_precision": 0.3333333333333333,
    "event_recall": 0.875,
    "delay_mean": 1.4285714285714286,
    "delay_median": 1.0
  },
  "train_curves": {
    "train_loss": [
      -0.9698794484138489,
      -0.9762669205665588,
      -0.9955565929412842,
      -1.0277197360992432,
      -1.06503164768219,
      -1.1069271564483643,
      -1.1374719142913818,
      -1.1683766841888428,
      -1.173079013824463,
      -1.1684154272079468,
      -1.1244007349014282,
      -1.0896756649017334,
      -0.9991700053215027,
      -0.9198868870735168,
      -0.80727618932724,
      -0.7354888319969177,
      -0.7379618883132935,
      -0.7710416316986084,
      -0.8643085360527039,
      -0.9322887659072876,
      -0.9267220497131348,
      -0.9157463908195496,
      -0.9008112549781799,
      -0.862777829170227,
      -0.8475412130355835,
      -0.8561495542526245,
      -0.8764798641204834,
      -0.9255691170692444,
      -0.8810655474662781,
      -0.8222822546958923,
      -0.7592254877090454,
      -0.7209436893463135,
      -0.7077049016952515,
      -0.7153189182281494,
      -0.7261831760406494,
      -0.7313373684883118,
      -0.7133945822715759,
      -0.7043808102607727,
      -0.7086906433105469,
      -0.7299650311470032,
      -0.7104167342185974,
      -0.7092906832695007,
      -0.7252964973449707,
      -0.7666975855827332,
      -0.7710687518119812,
      -0.802254855632782,
      -0.8649137616157532,
      -0.9204269647598267,
      -0.9638573527336121,
      -1.005873203277588,
      -1.0442548990249634,
      -1.1139649152755737,
      -1.1032565832138062,
      -1.0556267499923706,
      -1.0321711301803589,
      -1.0136258602142334,
      -1.0742478370666504,
      -0.9708313345909119,
      -0.8732576370239258,
      -0.8340588212013245,
      -0.9390474557876587,
      -1.0457004308700562,
      -1.096458077430725,
      -1.1101903915405273,
      -1.0574097633361816,
      -1.0633442401885986,
      -1.1052799224853516,
      -1.1592321395874023,
      -1.2710198163986206,
      -1.3597203493118286,
      -1.4312243461608887,
      -1.4756841659545898,
      -1.4935152530670166,
      -1.506438970565796,
      -1.4917153120040894,
      -1.5117965936660767,
      -1.487854242324829,
      -1.4770547151565552,
      -1.4488966464996338,
      -1.4291967153549194,
      -1.4011187553405762,
      -1.4035499095916748,
      -1.4053316116333008,
      -1.4021501541137695,
      -1.3974246978759766,
      -1.3881644010543823,
      -1.3657737970352173,
      -1.3515983819961548,
      -1.3296197652816772,
      -1.3217315673828125,
      -1.313148021697998,
      -1.3364222049713135,
      -1.3033878803253174,
      -1.291343331336975,
      -1.2590209245681763,
      -1.2045156955718994,
      -1.1415144205093384,
      -1.0817595720291138,
      -1.0693491697311401,
      -1.080820083618164,
      -1.0891860723495483,
      -1.101470708847046,
      -1.11862051486969,
      -1.1546236276626587,
      -1.1874314546585083,
      -1.2225924730300903,
      -1.2534255981445312,
      -1.2837073802947998,
      -1.322525143623352,
      -1.3580679893493652,
      -1.3902522325515747,
      -1.4337576627731323,
      -1.4658699035644531,
      -1.5072628259658813,
      -1.5399329662322998,
      -1.5750722885131836,
      -1.6098719835281372,
      -1.6539297103881836,
      -1.6939853429794312,
      -1.7438790798187256,
      -1.7960938215255737,
      -1.8442038297653198,
      -1.8966542482376099,
      -1.9575330018997192,
      -1.9895069599151611,
      -2.027127981185913,
      -2.0617852210998535,
      -2.0948970317840576,
      -2.1296021938323975,
      -2.145336389541626,
      -2.1704158782958984,
      -2.1714670658111572,
      -2.165839672088623,
      -2.15667986869812,
      -2.149319887161255,
      -2.1342053413391113,
      -2.1087427139282227,
      -2.095642328262329,
      -2.072085380554199,
      -2.0483367443084717,
      -2.0306174755096436,
      -2.001232385635376,
      -1.9833425283432007,
      -1.967810034751892,
      -1.9690988063812256,
      -1.9608056545257568,
      -1.9462001323699951,
      -1.9454280138015747,
      -1.9397234916687012,
      -1.916633129119873,
      -1.9029426574707031,
      -1.902996301651001,
      -1.8875482082366943,
      -1.8826490640640259,
      -1.873682975769043,
      -1.8604011535644531,
      -1.8573330640792847,
      -1.841296672821045,
      -1.8290162086486816,
      -1.8226821422576904,
      -1.8016458749771118,
      -1.7921195030212402,
      -1.7833157777786255,
      -1.7684873342514038,
      -1.7569751739501953,
      -1.7531616687774658,
      -1.7401741743087769,
      -1.7288551330566406,
      -1.7127830982208252,
      -1.7019972801208496,
      -1.698890209197998,
      -1.6868308782577515,
      -1.6780822277069092,
      -1.667539358139038,
      -1.6577486991882324,
      -1.6589611768722534,
      -1.6584045886993408,
      -1.648382544517517,
      -1.6485446691513062,
      -1.6380988359451294,
      -1.6345312595367432,
      -1.6398425102233887,
      -1.6498688459396362,
      -1.6341416835784912,
      -1.6308587789535522,
      -1.6315792798995972,
      -1.620529294013977,
      -1.6254199743270874,
      -1.6211973428726196,
      -1.6243059635162354,
      -1.6278305053710938,
      -1.6259018182754517,
      -1.6236027479171753,
      -1.6211377382278442,
      -1.6224679946899414,
      -1.6289830207824707,
      -1.6212974786758423,
      -1.6231796741485596,
      -1.6249445676803589,
      -1.6153887510299683
    ],
    "val_acc": [
      0.925,
      0.925,
      0.925,
      0.925,
      0.925,
      0.925,
      0.925,
      0.925,
      0.925,
      0.925
    ]
  },
  "weighting": {
    "option": "option2_svdd_on_forward_features",
    "tau": 1.0,
    "w_min": 0.05,
    "svdd_nu": 0.05,
    "svdd_epochs": 10,
    "svdd_warmup_epochs": 2
  }
}