{
  "arch_name": "Base_CNN_GRU",
  "arch": "ArchConfig(enc_filters=[32, 64], enc_kernels=[5, 3], enc_strides=[1, 2], enc_dilations=[1, 1], enc_pool=('max', 2), enc_activation='relu', seq_type='gru', seq_layers=1, seq_heads=1, seq_hidden=128, seq_kernel=3, seq_dilation=1, clf_layers=2, clf_units=64, d_model=128)",
  "metrics_uad": {
    "ap": 0.2392776663789595,
    "auroc": 0.7731023102310232,
    "f1_pot": 0.0,
    "precision_pot": 0.0,
    "recall_pot": 0.0,
    "thr_pot": 0.25742755055427546,
    "f1_best": 0.42553191489361697,
    "precision_best": 0.2857142857142857,
    "recall_best": 0.8333333333333334,
    "thr_best": 0.01339394599199295,
    "event_f1": 0.0,
    "event_precision": 0.0,
    "event_recall": 0.0,
    "delay_mean": Infinity,
    "delay_median": Infinity
  },
  "train_curves": {
    "train_loss": [
      -1.0063745975494385,
      -1.1336835622787476,
      -1.3116681575775146,
      -1.5282108783721924,
      -1.7577329874038696,
      -1.9985820055007935,
      -2.2205770015716553,
      -2.476208209991455,
      -2.668269157409668,
      -2.8605823516845703,
      -3.0350685119628906,
      -3.1772472858428955,
      -3.235522508621216,
      -3.2413244247436523,
      -3.1643221378326416,
      -2.878084421157837,
      -2.717050313949585,
      -2.3550286293029785,
      -2.0592076778411865,
      -1.7335175275802612,
      -1.3645448684692383,
      -1.1029072999954224,
      -0.8054889440536499,
      -0.7455711364746094,
      -0.7999593615531921,
      -0.8116001486778259,
      -0.8855434656143188,
      -1.0102957487106323,
      -1.0875780582427979,
      -1.17971670627594,
      -1.155982255935669,
      -1.2647607326507568,
      -1.2302026748657227,
      -1.3159598112106323,
      -1.2429949045181274,
      -1.3216770887374878,
      -1.26369047164917,
      -1.2581576108932495,
      -1.2783154249191284,
      -1.2838377952575684,
      -1.2240777015686035,
      -1.2650794982910156,
      -1.1980663537979126,
      -1.3059401512145996,
      -1.2396684885025024,
      -1.129855990409851,
      -1.1377979516983032,
      -1.0454703569412231,
      -1.0768476724624634,
      -1.073731541633606,
      -1.1714259386062622,
      -1.0547785758972168,
      -1.0429693460464478,
      -1.1785392761230469,
      -1.0913901329040527,
      -0.9191755056381226,
      -0.8455076217651367,
      -0.7958280444145203,
      -0.8138797283172607,
      -0.8696766495704651,
      -0.8554853796958923,
      -0.8664407134056091,
      -0.9069568514823914,
      -0.8929800987243652,
      -0.864568829536438,
      -0.8224952220916748,
      -0.7824241518974304,
      -0.8607289791107178,
      -0.8691843152046204,
      -0.8141669034957886,
      -0.964335560798645,
      -0.783527135848999,
      -0.9039409756660461,
      -0.9130107164382935,
      -0.8625658750534058,
      -0.8460439443588257,
      -0.8451483845710754,
      -1.1170960664749146,
      -0.892519474029541,
      -0.7625470757484436,
      -0.7777960896492004,
      -0.721347451210022,
      -0.7654628753662109,
      -0.7971358895301819,
      -0.7730528712272644,
      -0.7892987132072449,
      -0.7650445103645325,
      -0.8171823620796204,
      -0.84873366355896,
      -0.8564437627792358,
      -0.7636588215827942,
      -0.7562870383262634,
      -0.658465564250946,
      -0.7080066800117493,
      -0.7577142715454102,
      -0.782469630241394,
      -0.654715895652771,
      -0.6617993712425232,
      -0.8213684558868408,
      -0.7603784799575806,
      -0.7699952125549316,
      -0.7596585750579834,
      -0.7965942621231079,
      -0.763174295425415,
      -0.6860778331756592,
      -0.7083525061607361,
      -0.7164411544799805,
      -0.6853081583976746,
      -0.6383997797966003,
      -0.7872887849807739,
      -0.6839320063591003,
      -0.6999437808990479,
      -0.7318108081817627,
      -0.7408684492111206,
      -0.6875867247581482,
      -0.7597163319587708,
      -0.6673793792724609,
      -0.7114419341087341,
      -0.6916882395744324,
      -0.6871861815452576,
      -0.7514649033546448,
      -0.7627316117286682,
      -0.7521131634712219,
      -0.8856481313705444,
      -0.7884760499000549,
      -0.7816934585571289,
      -0.7178534865379333,
      -0.7605594396591187,
      -0.8040241599082947,
      -0.8072716593742371,
      -0.8101114630699158,
      -0.8126421570777893,
      -0.8656178116798401,
      -0.7814334630966187,
      -0.822839081287384,
      -0.7956677079200745,
      -0.7879667282104492,
      -0.7889397144317627,
      -0.8301372528076172,
      -0.8207797408103943,
      -0.7563492059707642,
      -0.7876359820365906,
      -0.8215663433074951,
      -0.7772676944732666,
      -0.8053948283195496,
      -0.7813767790794373,
      -0.7885990142822266,
      -0.7986351847648621,
      -0.7834101915359497,
      -0.778011679649353,
      -0.7542774081230164,
      -0.7879340052604675,
      -0.7926902770996094,
      -0.748146116733551,
      -0.7418330907821655,
      -0.7713702321052551,
      -0.7673795819282532,
      -0.722223162651062,
      -0.7461957931518555,
      -0.7307960987091064,
      -0.7199326157569885,
      -0.7588411569595337,
      -0.7482752203941345,
      -0.7028276920318604,
      -0.746869683265686,
      -0.7325480580329895,
      -0.7326130270957947,
      -0.768680989742279,
      -0.7429390549659729,
      -0.7166900634765625,
      -0.7156455516815186,
      -0.7191320061683655,
      -0.727232038974762,
      -0.6937339305877686,
      -0.7598468065261841,
      -0.7308821082115173,
      -0.6920838952064514,
      -0.7009310722351074,
      -0.7213070392608643,
      -0.7197149991989136,
      -0.7369531989097595,
      -0.706899106502533,
      -0.7243858575820923,
      -0.723849892616272,
      -0.686434805393219,
      -0.7323137521743774,
      -0.7173665165901184,
      -0.7271090745925903,
      -0.7155148983001709,
      -0.718144953250885,
      -0.6796174645423889,
      -0.7214601039886475,
      -0.7224367260932922,
      -0.6950457692146301,
      -0.7077527642250061,
      -0.7009482979774475,
      -0.6999980807304382,
      -0.7160854935646057,
      -0.7274641394615173,
      -0.6930052042007446
    ],
    "val_acc": [
      0.9512195121951219,
      0.9512195121951219,
      0.9512195121951219,
      0.9512195121951219,
      0.9512195121951219,
      0.9512195121951219,
      0.9512195121951219,
      0.9512195121951219,
      0.9512195121951219,
      0.9512195121951219
    ]
  },
  "weighting": {
    "option": "option2_svdd_on_forward_features",
    "tau": 1.0,
    "w_min": 0.05,
    "svdd_nu": 0.05,
    "svdd_epochs": 10,
    "svdd_warmup_epochs": 2
  }
}