{
  "arch_name": "Base_CNN_TRF",
  "arch": "ArchConfig(enc_filters=[32, 64], enc_kernels=[5, 3], enc_strides=[1, 2], enc_dilations=[1, 1], enc_pool=('max', 2), enc_activation='relu', seq_type='transformer', seq_layers=1, seq_heads=2, seq_hidden=128, seq_kernel=3, seq_dilation=1, clf_layers=2, clf_units=64, d_model=128)",
  "metrics_uad": {
    "ap": 0.6839102486188421,
    "auroc": 0.8085808580858087,
    "f1_pot": 0.6666666666666666,
    "precision_pot": 1.0,
    "recall_pot": 0.5,
    "thr_pot": 0.058857707008719076,
    "f1_best": 0.7000000000000001,
    "precision_best": 0.875,
    "recall_best": 0.5833333333333334,
    "thr_best": 0.04301559925079346,
    "event_f1": 0.8571428571428571,
    "event_precision": 1.0,
    "event_recall": 0.75,
    "delay_mean": 0.6666666666666666,
    "delay_median": 1.0
  },
  "train_curves": {
    "train_loss": [
      -0.9798991084098816,
      -0.9963808059692383,
      -1.0116993188858032,
      -1.0187207460403442,
      -1.014861822128296,
      -0.9940760731697083,
      -0.9825602173805237,
      -0.9627220034599304,
      -0.9329396486282349,
      -0.8960080146789551,
      -0.8374438881874084,
      -0.8457522988319397,
      -0.7867573499679565,
      -0.7306583523750305,
      -0.7565093040466309,
      -0.7185473442077637,
      -0.6868209838867188,
      -0.6961696147918701,
      -0.8247768878936768,
      -0.6566106081008911,
      -0.6942024827003479,
      -0.5725610256195068,
      -0.6804825663566589,
      -0.7392061352729797,
      -0.6768599152565002,
      -0.6907633543014526,
      -0.6467611193656921,
      -0.6702582836151123,
      -0.8000859618186951,
      -0.6874666213989258,
      -0.6988022327423096,
      -0.7775997519493103,
      -0.798722505569458,
      -0.8196585178375244,
      -1.0967509746551514,
      -0.9521121382713318,
      -1.0808968544006348,
      -1.0819599628448486,
      -1.1463855504989624,
      -1.1905328035354614,
      -1.2377547025680542,
      -1.256732702255249,
      -1.1764531135559082,
      -1.1683746576309204,
      -1.106316089630127,
      -0.9775587320327759,
      -0.8929721713066101,
      -0.95777827501297,
      -0.9159748554229736,
      -0.9101538062095642,
      -0.9248906373977661,
      -0.8852762579917908,
      -0.8992984294891357,
      -0.9348201155662537,
      -0.955559492111206,
      -0.9500441551208496,
      -0.9230806827545166,
      -0.8774904608726501,
      -0.8874305486679077,
      -0.8572111129760742,
      -0.7791725993156433,
      -0.796183705329895,
      -0.8343088626861572,
      -0.910070538520813,
      -0.9524210095405579,
      -1.0427855253219604,
      -1.0493723154067993,
      -1.0752642154693604,
      -1.1459460258483887,
      -1.1201889514923096,
      -1.1139836311340332,
      -1.1449602842330933,
      -1.1304643154144287,
      -1.11806058883667,
      -1.1085240840911865,
      -1.1559191942214966,
      -1.2822552919387817,
      -1.3370813131332397,
      -1.4039115905761719,
      -1.437246561050415,
      -1.4993196725845337,
      -1.5050350427627563,
      -1.5567731857299805,
      -1.5411872863769531,
      -1.5440468788146973,
      -1.5021610260009766,
      -1.4514586925506592,
      -1.3717466592788696,
      -1.3606857061386108,
      -1.2801114320755005,
      -1.2814823389053345,
      -1.228769063949585,
      -1.2529995441436768,
      -1.2678385972976685,
      -1.2622612714767456,
      -1.2696486711502075,
      -1.2854728698730469,
      -1.2496260404586792,
      -1.2985764741897583,
      -1.2691142559051514,
      -1.2165958881378174,
      -1.2293187379837036,
      -1.2134047746658325,
      -1.2072261571884155,
      -1.2234762907028198,
      -1.2211620807647705,
      -1.2292524576187134,
      -1.2303575277328491,
      -1.224879503250122,
      -1.1982778310775757,
      -1.188877820968628,
      -1.1697463989257812,
      -1.1474181413650513,
      -1.1312236785888672,
      -1.0941674709320068,
      -1.0825356245040894,
      -1.026462435722351,
      -0.9952251315116882,
      -0.9831812381744385,
      -0.9645105600357056,
      -0.948509693145752,
      -0.927139937877655,
      -0.9053655862808228,
      -0.91001957654953,
      -0.8815181255340576,
      -0.8638135194778442,
      -0.8450754880905151,
      -0.8376193046569824,
      -0.8334593772888184,
      -0.8513941764831543,
      -0.8146105408668518,
      -0.822461724281311,
      -0.8015559911727905,
      -0.8007422089576721,
      -0.8085689544677734,
      -0.8055720329284668,
      -0.8096258640289307,
      -0.8102395534515381,
      -0.8219092488288879,
      -0.831040620803833,
      -0.8335486650466919,
      -0.8402408361434937,
      -0.8375906944274902,
      -0.8455385565757751,
      -0.8773003220558167,
      -0.8696584701538086,
      -0.8620416522026062,
      -0.8533382415771484,
      -0.8668873310089111,
      -0.8584509491920471,
      -0.888351321220398,
      -0.875985324382782,
      -0.8757481575012207,
      -0.8787285089492798,
      -0.8907967805862427,
      -0.8805880546569824,
      -0.901025116443634,
      -0.9219463467597961,
      -0.8945479393005371,
      -0.8982774019241333,
      -0.9051476716995239,
      -0.9143720269203186,
      -0.9127258658409119,
      -0.9158294200897217,
      -0.9320824146270752,
      -0.9383293390274048,
      -0.931106686592102,
      -0.9298120737075806,
      -0.9285592436790466,
      -0.9338009357452393,
      -0.9334540963172913,
      -0.9423052072525024,
      -0.9276914596557617,
      -0.9257584810256958,
      -0.9554417729377747,
      -0.9313095211982727,
      -0.9513806700706482,
      -0.9373580813407898,
      -0.9357818961143494,
      -0.9475032091140747,
      -0.9452775716781616,
      -0.937040388584137,
      -0.9449810981750488,
      -0.9346436262130737,
      -0.9241147637367249,
      -0.948550820350647,
      -0.9395607113838196,
      -0.942000150680542,
      -0.941779613494873,
      -0.9318234920501709,
      -0.9471983909606934,
      -0.9530476331710815,
      -0.9383048415184021,
      -0.9388860464096069,
      -0.9538770318031311,
      -0.9297399520874023,
      -0.928846538066864,
      -0.9546663761138916,
      -0.9400507807731628,
      -0.931559681892395
    ],
    "val_acc": [
      0.9512195121951219,
      0.9512195121951219,
      0.9512195121951219,
      0.9512195121951219,
      0.9512195121951219,
      0.9512195121951219,
      0.9512195121951219,
      0.9512195121951219,
      0.9512195121951219,
      0.9512195121951219
    ]
  },
  "weighting": {
    "option": "option2_svdd_on_forward_features",
    "tau": 1.0,
    "w_min": 0.05,
    "svdd_nu": 0.05,
    "svdd_epochs": 10,
    "svdd_warmup_epochs": 2
  }
}