{
  "arch_name": "NAS_BestArch",
  "arch": "ArchConfig(enc_filters=[64, 32, 64], enc_kernels=[3, 5, 7], enc_strides=[2, 2, 2], enc_dilations=[1, 1, 1], enc_pool=('avg', 2), enc_activation='lrelu', seq_type='transformer', seq_layers=1, seq_heads=4, seq_hidden=64, seq_kernel=3, seq_dilation=1, clf_layers=3, clf_units=128, d_model=64)",
  "metrics_uad": {
    "ap": 0.5743710944197555,
    "auroc": 0.768976897689769,
    "f1_pot": 0.15384615384615385,
    "precision_pot": 1.0,
    "recall_pot": 0.08333333333333333,
    "thr_pot": 5.572985974140464e-06,
    "f1_best": 0.6086956521739131,
    "precision_best": 0.6363636363636364,
    "recall_best": 0.5833333333333334,
    "thr_best": 1.4822379625911708e-06,
    "event_f1": 0.4,
    "event_precision": 1.0,
    "event_recall": 0.25,
    "delay_mean": 1.0,
    "delay_median": 1.0
  },
  "train_curves": {
    "train_loss": [
      -1.0287725925445557,
      -1.0520151853561401,
      -1.084850549697876,
      -1.1187922954559326,
      -1.1559232473373413,
      -1.1936410665512085,
      -1.2316731214523315,
      -1.2737525701522827,
      -1.3155080080032349,
      -1.3596078157424927,
      -1.3988691568374634,
      -1.4393278360366821,
      -1.479770541191101,
      -1.5189363956451416,
      -1.55056893825531,
      -1.585200548171997,
      -1.613552212715149,
      -1.633052110671997,
      -1.6569606065750122,
      -1.6707255840301514,
      -1.6846200227737427,
      -1.6819044351577759,
      -1.6771026849746704,
      -1.6680665016174316,
      -1.6624913215637207,
      -1.6579792499542236,
      -1.63044273853302,
      -1.6072118282318115,
      -1.538312554359436,
      -1.482753872871399,
      -1.415249228477478,
      -1.3615940809249878,
      -1.321023941040039,
      -1.2819234132766724,
      -1.2515369653701782,
      -1.216383695602417,
      -1.1929823160171509,
      -1.179850459098816,
      -1.1660363674163818,
      -1.1597280502319336,
      -1.161372423171997,
      -1.1652357578277588,
      -1.1673187017440796,
      -1.1848382949829102,
      -1.2035057544708252,
      -1.2223834991455078,
      -1.243802547454834,
      -1.2616918087005615,
      -1.2788283824920654,
      -1.3075623512268066,
      -1.3493704795837402,
      -1.3974628448486328,
      -1.4530034065246582,
      -1.5135070085525513,
      -1.5641839504241943,
      -1.6122891902923584,
      -1.6506816148757935,
      -1.687944769859314,
      -1.7063745260238647,
      -1.7390437126159668,
      -1.7726349830627441,
      -1.7984083890914917,
      -1.8295589685440063,
      -1.874366044998169,
      -1.9144864082336426,
      -1.9773231744766235,
      -2.0392444133758545,
      -2.1101295948028564,
      -2.180734395980835,
      -2.2592663764953613,
      -2.347008466720581,
      -2.4272587299346924,
      -2.5220067501068115,
      -2.607149362564087,
      -2.7049758434295654,
      -2.804154634475708,
      -2.8921210765838623,
      -2.981067657470703,
      -3.067699909210205,
      -3.16159987449646,
      -3.227086067199707,
      -3.2799432277679443,
      -3.3245768547058105,
      -3.339366912841797,
      -3.352144241333008,
      -3.3569881916046143,
      -3.3088343143463135,
      -3.253990411758423,
      -3.1756536960601807,
      -3.0757710933685303,
      -2.9479637145996094,
      -2.776221752166748,
      -2.627695322036743,
      -2.487916946411133,
      -2.3433148860931396,
      -2.211592435836792,
      -2.091104507446289,
      -2.0072731971740723,
      -1.9078328609466553,
      -1.8492392301559448,
      -1.7904220819473267,
      -1.741532802581787,
      -1.7132303714752197,
      -1.6745452880859375,
      -1.6616690158843994,
      -1.642543911933899,
      -1.6309044361114502,
      -1.622431755065918,
      -1.5969605445861816,
      -1.5983171463012695,
      -1.5491037368774414,
      -1.5471020936965942,
      -1.534787893295288,
      -1.503476858139038,
      -1.5042107105255127,
      -1.4915058612823486,
      -1.4735738039016724,
      -1.4403678178787231,
      -1.4353597164154053,
      -1.4246255159378052,
      -1.3972656726837158,
      -1.3992758989334106,
      -1.3574633598327637,
      -1.3404080867767334,
      -1.3246135711669922,
      -1.326708197593689,
      -1.294580340385437,
      -1.2995702028274536,
      -1.2752745151519775,
      -1.251572608947754,
      -1.2480195760726929,
      -1.2280532121658325,
      -1.218246579170227,
      -1.2076776027679443,
      -1.1917004585266113,
      -1.197574496269226,
      -1.186596393585205,
      -1.1757887601852417,
      -1.1870710849761963,
      -1.1623421907424927,
      -1.1779963970184326,
      -1.1653224229812622,
      -1.1783124208450317,
      -1.1609185934066772,
      -1.1698358058929443,
      -1.1696606874465942,
      -1.1826170682907104,
      -1.1613410711288452,
      -1.1669880151748657,
      -1.1752642393112183,
      -1.180433750152588,
      -1.1724258661270142,
      -1.179558515548706,
      -1.190265417098999,
      -1.1844415664672852,
      -1.1882630586624146,
      -1.197522521018982,
      -1.1920342445373535,
      -1.1930596828460693,
      -1.203796625137329,
      -1.2073371410369873,
      -1.21669602394104,
      -1.20641028881073,
      -1.2191746234893799,
      -1.216171145439148,
      -1.22348952293396,
      -1.2130177021026611,
      -1.2194771766662598,
      -1.2253798246383667,
      -1.2312034368515015,
      -1.2291768789291382,
      -1.2301256656646729,
      -1.2338346242904663,
      -1.2262505292892456,
      -1.2488291263580322,
      -1.2449169158935547,
      -1.2389800548553467,
      -1.2475658655166626,
      -1.2425436973571777,
      -1.2289338111877441,
      -1.2472398281097412,
      -1.2457396984100342,
      -1.2479746341705322,
      -1.2473149299621582,
      -1.242463231086731,
      -1.2451088428497314,
      -1.2419887781143188,
      -1.2463551759719849,
      -1.2551143169403076,
      -1.2448190450668335,
      -1.248317837715149,
      -1.254212737083435,
      -1.2532614469528198,
      -1.2514512538909912,
      -1.2471389770507812,
      -1.244356393814087,
      -1.2502155303955078,
      -1.246549129486084,
      -1.255583643913269,
      -1.2605055570602417
    ],
    "val_acc": [
      0.9512195121951219,
      0.9512195121951219,
      0.9512195121951219,
      0.9512195121951219,
      0.9512195121951219,
      0.9512195121951219,
      0.9512195121951219,
      0.9512195121951219,
      0.9512195121951219,
      0.9512195121951219
    ]
  },
  "weighting": {
    "option": "option2_svdd_on_forward_features",
    "tau": 1.0,
    "w_min": 0.05,
    "svdd_nu": 0.05,
    "svdd_epochs": 10,
    "svdd_warmup_epochs": 2
  }
}