{
  "arch_name": "NAS_BestArch",
  "arch": "ArchConfig(enc_filters=[16, 16, 64], enc_kernels=[5, 3, 3], enc_strides=[1, 1, 1], enc_dilations=[2, 1, 1], enc_pool=None, enc_activation='relu', seq_type='transformer', seq_layers=1, seq_heads=2, seq_hidden=128, seq_kernel=3, seq_dilation=1, clf_layers=1, clf_units=64, d_model=128)",
  "metrics_uad": {
    "ap": 0.47737924156611045,
    "auroc": 0.7391985825269183,
    "f1_pot": 0.5567010309278351,
    "precision_pot": 0.6923076923076923,
    "recall_pot": 0.46551724137931033,
    "thr_pot": 0.011812246832996602,
    "f1_best": 0.6603773584905661,
    "precision_best": 0.7291666666666666,
    "recall_best": 0.603448275862069,
    "thr_best": 0.008833992294967175,
    "event_f1": 0.5555555555555556,
    "event_precision": 0.5,
    "event_recall": 0.625,
    "delay_mean": 2.0,
    "delay_median": 1.0
  },
  "train_curves": {
    "train_loss": [
      -0.9792546033859253,
      -1.0174403190612793,
      -1.0449244976043701,
      -1.0732262134552002,
      -1.0993887186050415,
      -1.118899941444397,
      -1.1320325136184692,
      -1.1413452625274658,
      -1.1421457529067993,
      -1.1282129287719727,
      -1.1114925146102905,
      -1.0775501728057861,
      -1.053654670715332,
      -1.0477709770202637,
      -1.0788204669952393,
      -1.1273390054702759,
      -1.202010989189148,
      -1.272099256515503,
      -1.342769742012024,
      -1.3263298273086548,
      -1.3177268505096436,
      -1.2588822841644287,
      -1.2420974969863892,
      -1.2380571365356445,
      -1.30329167842865,
      -1.3954235315322876,
      -1.4145764112472534,
      -1.5420496463775635,
      -1.4751931428909302,
      -1.4683587551116943,
      -1.4837431907653809,
      -1.643044352531433,
      -1.5359480381011963,
      -1.577163577079773,
      -1.5844546556472778,
      -1.756615400314331,
      -1.5849171876907349,
      -1.4329339265823364,
      -1.45369553565979,
      -1.6516594886779785,
      -1.292654275894165,
      -1.4736475944519043,
      -1.2979742288589478,
      -1.2992454767227173,
      -1.3075155019760132,
      -1.2646528482437134,
      -1.3932816982269287,
      -1.1874655485153198,
      -1.1655187606811523,
      -1.2525634765625,
      -1.522270679473877,
      -1.6812807321548462,
      -1.0833555459976196,
      -1.3218010663986206,
      -1.562860369682312,
      -2.151606559753418,
      -2.041306734085083,
      -2.085641622543335,
      -2.0708703994750977,
      -2.128445625305176,
      -2.043375253677368,
      -2.1390860080718994,
      -2.4092273712158203,
      -2.9301071166992188,
      -2.7382845878601074,
      -2.7131094932556152,
      -2.691563606262207,
      -2.4845187664031982,
      -2.4897730350494385,
      -2.5880043506622314,
      -2.653158187866211,
      -3.095574140548706,
      -2.2927744388580322,
      -2.211561918258667,
      -2.507220506668091,
      -2.6385278701782227,
      -2.2739946842193604,
      -2.2799668312072754,
      -2.3592991828918457,
      -2.338667392730713,
      -2.3042802810668945,
      -2.2795417308807373,
      -1.9385892152786255,
      -1.9173874855041504,
      -2.2416605949401855,
      -2.742591142654419,
      -2.640469789505005,
      -2.1252944469451904,
      -2.050245761871338,
      -2.11875319480896,
      -2.4789037704467773,
      -2.934849739074707,
      -2.586024761199951,
      -2.5217273235321045,
      -2.48555326461792,
      -2.902169942855835,
      -2.300262451171875,
      -2.266857862472534,
      -2.245349168777466,
      -2.523040294647217,
      -2.7556376457214355,
      -2.976867198944092,
      -3.1299612522125244,
      -3.5074284076690674,
      -2.8987724781036377,
      -2.67454195022583,
      -2.365006685256958,
      -2.2453598976135254,
      -2.335923194885254,
      -2.386226177215576,
      -2.477320909500122,
      -2.8911843299865723,
      -2.456638813018799,
      -2.2296178340911865,
      -2.04984450340271,
      -1.9326082468032837,
      -2.3213658332824707,
      -1.6733205318450928,
      -1.7857097387313843,
      -2.069941759109497,
      -2.2192907333374023,
      -2.0171937942504883,
      -1.8329331874847412,
      -1.771013617515564,
      -1.8931701183319092,
      -1.5579535961151123,
      -1.4612239599227905,
      -1.515209436416626,
      -1.3754044771194458,
      -1.3487401008605957,
      -1.2822133302688599,
      -1.304336667060852,
      -1.3597707748413086,
      -1.2984510660171509,
      -1.2801291942596436,
      -1.9563426971435547,
      -1.3489938974380493,
      -0.9420990943908691,
      -1.0609476566314697,
      -1.0372295379638672,
      -1.0855664014816284,
      -1.25789213180542,
      -1.3803361654281616,
      -1.264963984489441,
      -1.326965093612671,
      -1.3705224990844727,
      -1.3517425060272217,
      -1.754475712776184,
      -1.2123959064483643,
      -1.1970914602279663,
      -1.1431349515914917,
      -1.141669750213623,
      -1.1398167610168457,
      -0.8569921851158142,
      -1.1635538339614868,
      -1.0504740476608276,
      -1.0601541996002197,
      -1.1383134126663208,
      -1.141690969467163,
      -1.7323191165924072,
      -1.1239326000213623,
      -1.1436985731124878,
      -1.2570725679397583,
      -1.0688729286193848,
      -0.992937445640564,
      -1.118233323097229,
      -0.9632880687713623,
      -1.0683866739273071,
      -0.9917557835578918,
      -1.4400451183319092,
      -0.9449966549873352,
      -0.9143087863922119,
      -0.9083998203277588,
      -0.9169518947601318,
      -1.0066970586776733,
      -1.376420259475708,
      -0.9238857626914978,
      -0.9263411164283752,
      -0.9345120191574097,
      -0.9831748604774475,
      -1.697716236114502,
      -0.9273099899291992,
      -0.9135913252830505,
      -0.7311646938323975,
      -0.8439438343048096,
      -0.8192875385284424,
      -1.0236647129058838,
      -1.0713571310043335,
      -0.8570032715797424,
      -0.8387223482131958,
      -1.554141879081726,
      -1.063687801361084,
      -0.9117046594619751,
      -0.9199138879776001,
      -0.8362183570861816,
      -1.006183385848999,
      -1.0487805604934692,
      -0.8388173580169678,
      -0.8386999368667603,
      -1.39826500415802
    ],
    "val_acc": [
      1.0,
      1.0,
      1.0,
      1.0,
      1.0,
      0.995,
      0.73,
      0.7,
      0.565,
      0.5
    ]
  },
  "weighting": {
    "option": "option2_svdd_on_forward_features",
    "tau": 1.0,
    "w_min": 0.05,
    "svdd_nu": 0.05,
    "svdd_epochs": 10,
    "svdd_warmup_epochs": 2
  }
}