{
  "arch_name": "NAS_BestArch",
  "arch": "ArchConfig(enc_filters=[32], enc_kernels=[5], enc_strides=[1], enc_dilations=[2], enc_pool=('max', 2), enc_activation='lrelu', seq_type='tcn', seq_layers=1, seq_heads=1, seq_hidden=128, seq_kernel=3, seq_dilation=4, clf_layers=3, clf_units=128, d_model=128)",
  "metrics_paper": {
    "target_top1_acc": 0.8690744920993227,
    "target_error_percent": 13.092550790067726
  },
  "metrics_uad": {
    "ap": 0.43526351753100007,
    "auroc": 0.7840797133900582,
    "f1_pot": 0.43971631205673756,
    "precision_pot": 0.37349397590361444,
    "recall_pot": 0.5344827586206896,
    "thr_pot": 6.51015883826836e-20,
    "f1_best": 0.4724409448818897,
    "precision_best": 0.43478260869565216,
    "recall_best": 0.5172413793103449,
    "thr_best": 6.51570556248932e-20,
    "event_f1": 0.3846153846153846,
    "event_precision": 0.2777777777777778,
    "event_recall": 0.625,
    "delay_mean": 2.6,
    "delay_median": 2.0
  },
  "train_curves": {
    "train_loss": [
      -0.9366291761398315,
      -1.0262082815170288,
      -1.170881748199463,
      -1.298807144165039,
      -1.4429059028625488,
      -1.5946764945983887,
      -1.7532179355621338,
      -1.8674988746643066,
      -2.0608713626861572,
      -2.2988600730895996,
      -2.54132080078125,
      -2.5445621013641357,
      -2.930241584777832,
      -3.0379509925842285,
      -3.361539602279663,
      -3.492527484893799,
      -3.9018819332122803,
      -4.179959774017334,
      -4.0428643226623535,
      -4.210108757019043,
      -5.040213108062744,
      -4.770314693450928,
      -5.397255897521973,
      -4.985229969024658,
      -5.449575424194336,
      -6.4919586181640625,
      -6.418007850646973,
      -5.991530418395996,
      -7.266335964202881,
      -6.450791835784912,
      -7.581751823425293,
      -7.160297870635986,
      -7.8330254554748535,
      -7.657891750335693,
      -8.481406211853027,
      -8.435776710510254,
      -8.387354850769043,
      -8.876940727233887,
      -9.311444282531738,
      -9.72541618347168,
      -9.516532897949219,
      -9.213123321533203,
      -10.061724662780762,
      -12.321596145629883,
      -9.995372772216797,
      -9.622099876403809,
      -11.945395469665527,
      -10.635356903076172,
      -12.364234924316406,
      -9.906346321105957,
      -9.586109161376953,
      -11.050562858581543,
      -11.542379379272461,
      -9.965821266174316,
      -9.195448875427246,
      -18.269397735595703,
      -9.620331764221191,
      -11.097411155700684,
      -9.273226737976074,
      -11.382678031921387,
      -10.609407424926758,
      -8.885576248168945,
      -9.037944793701172,
      -18.596752166748047,
      -7.900649070739746,
      -12.709174156188965,
      -10.468186378479004,
      -19.043489456176758,
      -10.321778297424316,
      -11.272621154785156,
      -8.892380714416504,
      -13.403508186340332,
      -11.331620216369629,
      -9.088168144226074,
      -18.165302276611328,
      -10.189580917358398,
      -10.961791038513184,
      -10.716256141662598,
      -12.643083572387695,
      -15.992304801940918,
      -12.515283584594727,
      -12.155736923217773,
      -17.635042190551758,
      -8.022187232971191,
      -13.855607032775879,
      -9.728321075439453,
      -9.356971740722656,
      -12.374476432800293,
      -10.395898818969727,
      -17.14493751525879,
      -7.8325886726379395,
      -9.46595573425293,
      -14.067848205566406,
      -10.060184478759766,
      -8.995107650756836,
      -20.59812355041504,
      -9.30023193359375,
      -12.56110668182373,
      -8.883820533752441,
      -10.648968696594238,
      -9.362781524658203,
      -12.02375602722168,
      -8.83784294128418,
      -10.668342590332031,
      -7.8307976722717285,
      -10.425590515136719,
      -7.928282260894775,
      -21.490127563476562,
      -10.990846633911133,
      -11.337971687316895,
      -7.695296764373779,
      -20.63882064819336,
      -9.601751327514648,
      -19.446889877319336,
      -7.223237991333008,
      -15.081656455993652,
      -6.650299072265625,
      -11.85090446472168,
      -22.192598342895508,
      -9.532381057739258,
      -19.2274112701416,
      -8.922816276550293,
      -8.050734519958496,
      -6.48038911819458,
      -12.286273002624512,
      -6.390622615814209,
      -12.69449520111084,
      -20.537565231323242,
      -20.81513786315918,
      -9.357943534851074,
      -9.203920364379883,
      -20.38543128967285,
      -12.81680965423584,
      -15.353214263916016,
      -5.374842166900635,
      -27.79087257385254,
      -12.247368812561035,
      -6.237497329711914,
      -6.583755016326904,
      -23.162220001220703,
      -6.286787986755371,
      -11.465679168701172,
      -9.94514274597168,
      -7.547969341278076,
      -7.287699222564697,
      -21.057762145996094,
      -7.6285271644592285,
      -8.665480613708496,
      -6.267258167266846,
      -18.929832458496094,
      -6.405839443206787,
      -26.277128219604492,
      -11.883533477783203,
      -7.085256099700928,
      -7.133842468261719,
      -18.84571647644043,
      -6.161212921142578,
      -7.774343967437744,
      -16.0239200592041,
      -16.556365966796875,
      -8.259681701660156,
      -7.109643936157227,
      -6.9351115226745605,
      -14.052499771118164,
      -11.516502380371094,
      -11.018651962280273,
      -7.569949150085449,
      -4.131680488586426,
      -10.801987648010254,
      -9.031054496765137,
      -5.361865997314453,
      -17.035749435424805,
      -8.795104026794434,
      -16.024137496948242,
      -6.570891857147217,
      -5.31850528717041,
      -6.835003852844238,
      -5.43094539642334,
      -18.669553756713867,
      -10.97696590423584,
      -5.851327419281006,
      -16.866029739379883,
      -8.0397367477417,
      -7.472926139831543,
      -17.41040802001953,
      -9.684866905212402,
      -6.253845691680908,
      -5.33106803894043,
      -7.079994201660156,
      -18.558856964111328,
      -6.331646919250488,
      -9.27892780303955,
      -6.34419584274292,
      -17.281211853027344,
      -5.658066749572754,
      -10.217748641967773,
      -9.272306442260742,
      -18.288848876953125,
      -4.41962194442749,
      -19.637615203857422
    ],
    "val_acc": [
      0.925,
      0.925,
      0.925,
      0.925,
      0.925,
      0.925,
      0.925,
      0.925,
      0.925,
      0.925
    ]
  },
  "weighting": {
    "option": "option2_svdd_on_forward_features",
    "tau": 1.0,
    "w_min": 0.05,
    "svdd_nu": 0.05,
    "svdd_epochs": 10,
    "svdd_warmup_epochs": 2
  }
}