{
  "rows": [
    {
      "machine": "machine-1-1",
      "fixed_baseline": {
        "ap": 0.4922153146445848,
        "auroc": 0.8505519531436736,
        "f1_pot": 0.5450643190210757,
        "precision_pot": 0.37463495984614803,
        "recall_pot": 0.9999999962880475,
        "thr_pot": 144.72487568565197,
        "f1_best": 0.3411301733775633,
        "precision_best": 0.9999999819494588,
        "recall_best": 0.20564216701691845,
        "thr_best": 7.623881868562186e+20,
        "latency_best": 519.94800519948,
        "latency_pot": 0.0,
        "event_f1": 0.05161290322580646,
        "event_precision": 0.026490066225165563,
        "event_recall": 1.0,
        "delay_mean": 0.0,
        "delay_median": 0.0
      },
      "searched_partial_nas": {
        "ap": 0.5119560731051472,
        "auroc": 0.8637398327387213,
        "f1_pot": 0.6125469088377086,
        "precision_pot": 0.44149459121354545,
        "recall_pot": 0.9999999962880475,
        "thr_pot": 133.5716550878946,
        "f1_best": 0.3411301733775633,
        "precision_best": 0.9999999819494588,
        "recall_best": 0.20564216701691845,
        "thr_best": 9.244074429912477e+20,
        "latency_best": 519.94800519948,
        "latency_pot": 0.0,
        "event_f1": 0.03818615751789976,
        "event_precision": 0.019464720194647202,
        "event_recall": 1.0,
        "delay_mean": 0.0,
        "delay_median": 0.0
      },
      "delta_searched_minus_fixed": {
        "ap": 0.019740758460562446,
        "auroc": 0.013187879595047747,
        "f1_best": 0.0,
        "f1_pot": 0.06748258981663291,
        "event_f1": -0.013426745707906695,
        "delay_mean": 0.0
      }
    }
  ],
  "macro": {
    "num_machines": 1,
    "fixed_baseline_mean": {
      "ap": 0.4922153146445848,
      "auroc": 0.8505519531436736,
      "f1_best": 0.3411301733775633,
      "f1_pot": 0.5450643190210757,
      "event_f1": 0.05161290322580646,
      "delay_mean": 0.0
    },
    "searched_partial_nas_mean": {
      "ap": 0.5119560731051472,
      "auroc": 0.8637398327387213,
      "f1_best": 0.3411301733775633,
      "f1_pot": 0.6125469088377086,
      "event_f1": 0.03818615751789976,
      "delay_mean": 0.0
    },
    "delta_mean": {
      "ap": 0.019740758460562446,
      "auroc": 0.013187879595047747,
      "f1_best": 0.0,
      "f1_pot": 0.06748258981663291,
      "event_f1": -0.013426745707906695,
      "delay_mean": 0.0
    }
  }
}